REFERENCE FRAME,torso_1,,,,,,,,,,,,,,,,,,,,,,,,,,,,,,,,,,,,,,,,,,,,,,,,
TARGET FRAMES, , , ,left_elbow_1 , , ,  , , ,right_elbow_1 , , ,  , , ,left_hand_1 , , ,  , , ,right_hand_1 , , ,  , , ,left_knee_1 , , ,  , , ,right_knee_1 , , ,  , , ,left_foot_1 , , ,  , , ,right_foot_1 , , , 
 ,Rotation_X, Rotation_Y, Rotation_Z, Dist_X, Dist_Y, Dist_Z,Rotation_X, Rotation_Y, Rotation_Z, Dist_X, Dist_Y, Dist_Z,Rotation_X, Rotation_Y, Rotation_Z, Dist_X, Dist_Y, Dist_Z,Rotation_X, Rotation_Y, Rotation_Z, Dist_X, Dist_Y, Dist_Z,Rotation_X, Rotation_Y, Rotation_Z, Dist_X, Dist_Y, Dist_Z,Rotation_X, Rotation_Y, Rotation_Z, Dist_X, Dist_Y, Dist_Z,Rotation_X, Rotation_Y, Rotation_Z, Dist_X, Dist_Y, Dist_Z,Rotation_X, Rotation_Y, Rotation_Z, Dist_X, Dist_Y, Dist_Z,
 ,1.62815e-311,-7.96571e-308,-7.96716e-308,6.95287e-310,6.95145e-310,1.93102e-312,-nan,nan,-nan,6.95287e-310,1.20662e-316,6.95287e-310,7.96577e-308,-7.96577e-308,-1.17761e-319,1.20779e-316,1.20778e-316,1.20796e-316,7.96577e-308,7.9674e-308,0,1.97626e-323,2.07508e-322,6.95145e-310,-7.11144e-315,1.62841e-311,-3.50768e-314,6.95145e-310,6.95287e-310,6.95287e-310,-1.45777e-311,7.96577e-308,0,6.95287e-310,6.95287e-310,1.95906e-314,-1.62865e-311,7.96577e-308,7.96723e-308,0,6.95287e-310,0,-2.98929e-319,5.49249e-308,1.62841e-311,7.16034e-315,0.1,6.95287e-310,
 ,1.62815e-311,-7.96571e-308,-7.96716e-308,6.95287e-310,6.95145e-310,1.93102e-312,-nan,nan,-nan,6.95287e-310,1.20662e-316,6.95287e-310,7.96577e-308,-7.96577e-308,-1.17761e-319,1.20779e-316,1.20778e-316,1.20796e-316,7.96577e-308,7.9674e-308,0,1.97626e-323,2.07508e-322,6.95145e-310,-7.11144e-315,1.62841e-311,-3.50768e-314,6.95145e-310,6.95287e-310,6.95287e-310,-1.45777e-311,7.96577e-308,0,6.95287e-310,6.95287e-310,1.95906e-314,-1.62865e-311,7.96577e-308,7.96723e-308,0,6.95287e-310,0,-2.98929e-319,5.49249e-308,1.62841e-311,7.16034e-315,0.1,6.95287e-310,
 ,1.62815e-311,-7.96571e-308,-7.96716e-308,6.95287e-310,6.95145e-310,1.93102e-312,-nan,nan,-nan,6.95287e-310,1.20662e-316,6.95287e-310,7.96577e-308,-7.96577e-308,-1.17761e-319,1.20779e-316,1.20778e-316,1.20796e-316,7.96577e-308,7.9674e-308,0,1.97626e-323,2.07508e-322,6.95145e-310,-7.11144e-315,1.62841e-311,-3.50768e-314,6.95145e-310,6.95287e-310,6.95287e-310,-1.45777e-311,7.96577e-308,0,6.95287e-310,6.95287e-310,1.95906e-314,-1.62865e-311,7.96577e-308,7.96723e-308,0,6.95287e-310,0,-2.98929e-319,5.49249e-308,1.62841e-311,7.16034e-315,0.1,6.95287e-310,
 ,-51.3093,-28.4133,101.142,0.089722,-0.186448,-0.161532,-54.5321,33.3845,-105.308,-0.131957,-0.185792,-0.198667,7.55948,-2.52566,2.48595,-0.21756,0.178088,0.157764,7.55948,-2.52566,2.48595,0.207161,0.189421,0.153857,8.84119,4.04672,7.045,-0.129302,0.203771,0.502022,11.6403,-14.5986,-6.00675,0.113103,0.182312,0.521713,7.55948,-2.52566,2.48595,-0.134766,0.658811,0.478326,7.55948,-2.52566,2.48595,0.128746,0.668757,0.454261,
 ,-51.3093,-28.4133,101.142,0.089722,-0.186448,-0.161532,-54.5321,33.3845,-105.308,-0.131957,-0.185792,-0.198667,7.55948,-2.52566,2.48595,-0.21756,0.178088,0.157764,7.55948,-2.52566,2.48595,0.207161,0.189421,0.153857,8.84119,4.04672,7.045,-0.129302,0.203771,0.502022,11.6403,-14.5986,-6.00675,0.113103,0.182312,0.521713,7.55948,-2.52566,2.48595,-0.134766,0.658811,0.478326,7.55948,-2.52566,2.48595,0.128746,0.668757,0.454261,
 ,-52.7417,-29.8818,102.775,0.112083,-0.185917,-0.167514,-54.1415,33.8029,-106.994,-0.125738,-0.179818,-0.195749,7.82394,-2.32901,1.68876,-0.216387,0.168247,0.147625,7.82394,-2.32901,1.68876,0.197348,0.1937,0.157883,8.75473,5.38581,6.33302,-0.125699,0.197373,0.493948,12.0562,-13.0502,-6.61012,0.116819,0.179589,0.517229,7.82394,-2.32901,1.68876,-0.1394,0.649667,0.471577,8.18422,-1.91047,1.57353,0.127293,0.662897,0.455349,
 ,-53.0253,-29.2061,101.801,0.107817,-0.188562,-0.165433,-53.5537,34.3485,-105.737,-0.115287,-0.183413,-0.194173,7.67132,-1.84899,1.66137,-0.217943,0.167474,0.153007,7.67132,-1.84899,1.66137,0.202981,0.194104,0.164224,8.75419,5.3874,6.33221,-0.125701,0.197359,0.493929,11.9534,-13.4712,-6.68594,0.116637,0.173728,0.510373,7.82346,-2.3275,1.68868,-0.139413,0.649648,0.471555,7.82331,-2.32701,1.68865,0.124896,0.658813,0.446151,
 ,-53.0253,-29.2061,101.801,0.107817,-0.188562,-0.165433,-53.5537,34.3485,-105.737,-0.115287,-0.183413,-0.194173,7.67132,-1.84899,1.66137,-0.217943,0.167474,0.153007,7.67132,-1.84899,1.66137,0.202981,0.194104,0.164224,9.44461,5.58362,6.38559,-0.125453,0.192761,0.501951,11.7168,-13.1141,-6.57034,0.116821,0.17766,0.511743,7.67132,-1.84899,1.66137,-0.137336,0.652302,0.470649,7.67132,-1.84899,1.66137,0.126962,0.662113,0.44767,
 ,-53.0253,-29.2061,101.801,0.107817,-0.188562,-0.165433,-53.5537,34.3485,-105.737,-0.115287,-0.183413,-0.194173,7.67132,-1.84899,1.66137,-0.217943,0.167474,0.153007,7.67132,-1.84899,1.66137,0.202981,0.194104,0.164224,9.44461,5.58362,6.38559,-0.125453,0.192761,0.501951,11.7168,-13.1141,-6.57034,0.116821,0.17766,0.511743,7.67132,-1.84899,1.66137,-0.137336,0.652302,0.470649,7.67132,-1.84899,1.66137,0.126962,0.662113,0.44767,
 ,-53.0253,-29.2061,101.801,0.107817,-0.188562,-0.165433,-53.5537,34.3485,-105.737,-0.115287,-0.183413,-0.194173,7.67132,-1.84899,1.66137,-0.217943,0.167474,0.153007,7.67132,-1.84899,1.66137,0.202981,0.194104,0.164224,9.44461,5.58362,6.38559,-0.125453,0.192761,0.501951,11.7168,-13.1141,-6.57034,0.116821,0.17766,0.511743,7.67132,-1.84899,1.66137,-0.137336,0.652302,0.470649,7.67132,-1.84899,1.66137,0.126962,0.662113,0.44767,
 ,-52.4382,-28.9395,103.047,0.0941729,-0.183146,-0.159288,-56.8399,33.0848,-101.694,-0.125969,-0.201202,-0.190329,7.3219,-3.34721,3.12303,-0.212382,0.174353,0.157439,7.3219,-3.34721,3.12303,0.220635,0.168902,0.173596,8.04112,3.63085,7.9141,-0.133037,0.197819,0.497421,11.4286,-15.3161,-5.76343,0.111562,0.170415,0.523137,6.94922,-2.9624,3.01842,-0.134847,0.651474,0.476623,6.95103,-2.96427,3.01893,0.12856,0.661027,0.450761,
 ,-52.6953,-28.1486,103.036,0.0990375,-0.182488,-0.15712,-58.0396,32.6321,-101.909,-0.132175,-0.202152,-0.187199,7.89956,-3.26021,3.42006,-0.211018,0.169042,0.156167,7.32549,-3.34666,3.12488,0.220644,0.168894,0.173597,8.34953,2.77767,7.92033,-0.133536,0.198789,0.493897,11.8945,-16.0634,-5.47987,0.109022,0.170183,0.524448,7.3273,-3.34638,3.12581,-0.131963,0.651863,0.474679,7.32914,-3.3461,3.12675,0.131711,0.661351,0.449962,
 ,-52.0064,-27.4668,102.206,0.0934692,-0.182877,-0.159232,-60.1555,33.5296,-104.059,-0.139953,-0.201062,-0.18596,7.38611,-2.73463,3.46526,-0.212404,0.176746,0.155775,7.38611,-2.73463,3.46526,0.215617,0.155379,0.174209,8.98116,2.69716,8.58442,-0.135849,0.195649,0.492386,10.4205,-16.0549,-4.32037,0.106327,0.184777,0.507924,7.38611,-2.73463,3.46526,-0.125033,0.65415,0.468223,7.38611,-2.73463,3.46526,0.136326,0.662843,0.446705,
 ,-52.8085,-27.7386,101.688,0.089671,-0.186339,-0.161306,-60.4867,32.3896,-104.009,-0.136881,-0.200193,-0.179846,6.9325,-2.56853,3.04886,-0.216383,0.177496,0.160679,6.9325,-2.56853,3.04886,0.211188,0.15509,0.175381,8.82606,2.77191,8.23813,-0.134838,0.19066,0.487331,10.4087,-16.0503,-4.32338,0.106291,0.184943,0.507914,6.9325,-2.56853,3.04886,-0.122381,0.651883,0.459741,7.38041,-2.73252,3.46003,0.136264,0.662949,0.446792,
 ,-57.7123,-33.5029,109.927,0.145622,-0.177352,-0.182088,-65.9404,30.3671,-109.073,-0.17466,-0.192717,-0.166297,-2.52537,-1.14227,2.34015,-0.206289,0.180019,0.112204,-0.142754,-1.13743,2.36842,0.196833,0.148988,0.140842,1.69147,4.79535,6.09867,-0.127838,0.18848,0.459766,2.56549,-11.6141,-4.37346,0.118031,0.179061,0.465011,-0.157107,-1.13745,2.36825,-0.13412,0.646089,0.430328,-0.175012,-1.13749,2.36804,0.127812,0.650725,0.414173,
 ,-59.5288,-36.4123,113.502,0.181388,-0.172761,-0.188224,-64.8667,31.7594,-113.67,-0.216523,-0.178684,-0.183153,-6.79837,-0.229059,1.67914,-0.207393,0.167581,0.0871885,-6.79837,-0.229059,1.67914,0.211446,0.141746,0.0635119,-4.76183,5.56301,5.64705,-0.128398,0.184346,0.44937,-1.80167,-9.84197,-4.67068,0.122961,0.159729,0.46032,-6.79837,-0.229059,1.67914,-0.130358,0.643994,0.417615,-6.79837,-0.229059,1.67914,0.131024,0.646208,0.387074,
 ,-60.4853,-36.6218,112.641,0.194276,-0.178318,-0.186144,-65.5451,32.3484,-115.413,-0.201657,-0.175499,-0.180332,-8.04313,-0.295301,1.54955,-0.215855,0.153637,0.0832551,-8.04313,-0.295301,1.54955,0.195106,0.160102,0.0821919,-5.96114,6.06689,5.62108,-0.128787,0.180177,0.445411,-1.81163,-9.83814,-4.66546,0.123004,0.159499,0.460249,-8.04313,-0.295301,1.54955,-0.133768,0.640171,0.412071,-6.8263,-0.230515,1.67621,0.13113,0.646068,0.38682,
 ,-60.4853,-36.6218,112.641,0.194276,-0.178318,-0.186144,-65.5451,32.3484,-115.413,-0.201657,-0.175499,-0.180332,-8.04313,-0.295301,1.54955,-0.215855,0.153637,0.0832551,-8.04313,-0.295301,1.54955,0.195106,0.160102,0.0821919,-5.96114,6.06689,5.62108,-0.128787,0.180177,0.445411,-1.81163,-9.83814,-4.66546,0.123004,0.159499,0.460249,-8.04313,-0.295301,1.54955,-0.133768,0.640171,0.412071,-6.8263,-0.230515,1.67621,0.13113,0.646068,0.38682,
 ,-60.4853,-36.6218,112.641,0.194276,-0.178318,-0.186144,-65.5451,32.3484,-115.413,-0.201657,-0.175499,-0.180332,-8.04313,-0.295301,1.54955,-0.215855,0.153637,0.0832551,-8.04313,-0.295301,1.54955,0.195106,0.160102,0.0821919,-5.96114,6.06689,5.62108,-0.128787,0.180177,0.445411,-1.81163,-9.83814,-4.66546,0.123004,0.159499,0.460249,-8.04313,-0.295301,1.54955,-0.133768,0.640171,0.412071,-6.8263,-0.230515,1.67621,0.13113,0.646068,0.38682,
 ,-60.4853,-36.6218,112.641,0.194276,-0.178318,-0.186144,-65.5451,32.3484,-115.413,-0.201657,-0.175499,-0.180332,-8.04313,-0.295301,1.54955,-0.215855,0.153637,0.0832551,-8.04313,-0.295301,1.54955,0.195106,0.160102,0.0821919,-5.96114,6.06689,5.62108,-0.128787,0.180177,0.445411,-1.81163,-9.83814,-4.66546,0.123004,0.159499,0.460249,-8.04313,-0.295301,1.54955,-0.133768,0.640171,0.412071,-6.8263,-0.230515,1.67621,0.13113,0.646068,0.38682,
 ,-53.7841,-38.5059,110.055,0.212129,-0.172856,-0.181508,-62.8304,36.4314,-118.934,-0.248221,-0.161828,-0.188574,-13.006,0.221571,2.01451,-0.222007,0.136223,0.0469578,-11.9873,-0.355897,2.12172,0.201908,0.146271,0.0429196,-9.86285,5.49556,5.66266,-0.130064,0.16987,0.427838,-8.47557,-9.26126,-3.96404,0.124549,0.158652,0.428824,-11.9882,-0.355386,2.12163,-0.135892,0.62857,0.395325,-11.9888,-0.35501,2.12157,0.125253,0.633178,0.373017,
 ,-56.9963,-37.3277,119.486,0.249422,-0.144625,-0.195688,-59.1535,34.6885,-122.688,-0.276106,-0.135403,-0.211615,-40.6931,0.957941,1.58462,-0.204435,0.129463,-0.0548139,-40.6931,0.957941,1.58462,0.199688,0.128831,-0.0843412,-35.418,6.6668,5.93867,-0.138397,0.171885,0.292208,-31.6921,-7.76056,-1.91204,0.126848,0.160581,0.307151,-40.6931,0.957941,1.58462,-0.121986,0.641279,0.225052,-40.6931,0.957941,1.58462,0.132711,0.644525,0.189572,
 ,-56.6159,-39.6353,118.039,0.267034,-0.151269,-0.200454,-59.6038,35.0012,-121.042,-0.257448,-0.143492,-0.20076,-44.3815,0.774076,0.615157,-0.221449,0.110376,-0.0528701,-44.3815,0.774076,0.615157,0.196368,0.134677,-0.0763294,-36.8083,8.0096,5.54437,-0.14041,0.183785,0.283348,-32.7006,-8.18964,-2.68253,0.130469,0.165723,0.298356,-44.3815,0.774076,0.615157,-0.122971,0.661395,0.185331,-43.7761,0.762801,1.12585,0.132779,0.654696,0.156558,
 ,-57.4123,-38.4106,119.997,0.257464,-0.144867,-0.194278,-56.5549,37.1634,-118.817,-0.256196,-0.145994,-0.213643,-44.2776,0.918719,1.60145,-0.207498,0.118669,-0.0569105,-44.2776,0.918719,1.60145,0.210134,0.132534,-0.0834112,-36.6779,8.63663,6.48281,-0.14421,0.191989,0.278666,-32.6737,-6.45648,-1.98106,0.125091,0.186489,0.290975,-44.2776,0.918719,1.60145,-0.129018,0.668544,0.179157,-44.2776,0.918719,1.60145,0.118998,0.675278,0.143158,
 ,-54.739,-40.4234,119.414,0.261831,-0.141092,-0.198032,-55.2887,37.2722,-115.965,-0.256639,-0.153718,-0.215625,-43.6921,0.21219,2.3234,-0.213187,0.106128,-0.06096,-43.6921,0.21219,2.3234,0.220761,0.131211,-0.0766812,-36.561,7.13743,7.1158,-0.143038,0.20756,0.261354,-31.1749,-8.34266,-1.12643,0.125026,0.196631,0.294398,-43.9444,0.66664,2.29731,-0.119398,0.681283,0.165964,-43.9433,0.664669,2.29743,0.128043,0.687886,0.125523,
 ,-54.739,-40.4234,119.414,0.261831,-0.141092,-0.198032,-55.2887,37.2722,-115.965,-0.256639,-0.153718,-0.215625,-43.6921,0.21219,2.3234,-0.213187,0.106128,-0.06096,-43.6921,0.21219,2.3234,0.220761,0.131211,-0.0766812,-36.561,7.13743,7.1158,-0.143038,0.20756,0.261354,-31.1749,-8.34266,-1.12643,0.125026,0.196631,0.294398,-43.9444,0.66664,2.29731,-0.119398,0.681283,0.165964,-43.9433,0.664669,2.29743,0.128043,0.687886,0.125523,
 ,-54.739,-40.4234,119.414,0.261831,-0.141092,-0.198032,-55.2887,37.2722,-115.965,-0.256639,-0.153718,-0.215625,-43.6921,0.21219,2.3234,-0.213187,0.106128,-0.06096,-43.6921,0.21219,2.3234,0.220761,0.131211,-0.0766812,-36.561,7.13743,7.1158,-0.143038,0.20756,0.261354,-31.1749,-8.34266,-1.12643,0.125026,0.196631,0.294398,-43.9444,0.66664,2.29731,-0.119398,0.681283,0.165964,-43.9433,0.664669,2.29743,0.128043,0.687886,0.125523,
 ,-54.739,-40.4234,119.414,0.261831,-0.141092,-0.198032,-55.2887,37.2722,-115.965,-0.256639,-0.153718,-0.215625,-43.6921,0.21219,2.3234,-0.213187,0.106128,-0.06096,-43.6921,0.21219,2.3234,0.220761,0.131211,-0.0766812,-36.561,7.13743,7.1158,-0.143038,0.20756,0.261354,-31.1749,-8.34266,-1.12643,0.125026,0.196631,0.294398,-43.9444,0.66664,2.29731,-0.119398,0.681283,0.165964,-43.9433,0.664669,2.29743,0.128043,0.687886,0.125523,
 ,-36.9659,-31.517,102.245,0.0330285,-0.157769,-0.194148,-31.4689,41.5185,-99.5873,0.0089094,-0.157377,-0.235458,-17.3272,-2.11066,2.69721,-0.19916,0.304407,-0.0162701,-17.3272,-2.11066,2.69721,0.218225,0.355668,-0.0151112,-10.1136,3.83064,4.83839,-0.134796,0.629958,0.151785,-4.5378,-22.2176,-2.0094,0.112114,0.59752,0.271699,-17.3272,-2.11066,2.69721,-0.105716,1.08205,0.0102456,-18.7411,-2.16047,2.61912,0.125516,1.06844,-0.0323384,
 ,-35.6849,-30.6394,101.051,0.0297988,-0.15912,-0.190388,-31.5483,42.7724,-99.9403,0.00629875,-0.155913,-0.236268,-16.4466,-2.00217,2.83341,-0.202089,0.303891,-0.0140589,-16.4466,-2.00217,2.83341,0.217816,0.353854,-0.00790083,-10.3962,3.90986,4.81342,-0.136066,0.63923,0.128817,-4.88848,-24.1898,-0.348979,0.105022,0.632633,0.227354,-16.4466,-2.00217,2.83341,-0.108109,1.08818,0.00848992,-16.4466,-2.00217,2.83341,0.130907,1.0908,-0.0445588,
 ,-30.6394,-26.8035,97.4999,0.0222924,-0.16058,-0.179201,-26.5478,40.8031,-95.778,0.004289,-0.159937,-0.229955,-11.0582,-2.84756,2.99723,-0.20664,0.301758,-0.00923031,-12.7128,-2.75967,2.83002,0.227713,0.339267,0.00182088,-7.98068,3.72364,3.5231,-0.118583,0.653363,0.110869,-2.03392,-25.0476,-0.383016,0.105123,0.644479,0.218304,-12.7052,-2.76006,2.8308,-0.113447,1.09763,0.0137299,-12.7,-2.76033,2.83133,0.128911,1.10127,-0.0381341,
 ,-21.4322,-24.176,91.256,-0.0295991,-0.167825,-0.159941,-21.1921,35.6671,-89.4425,0.0530121,-0.173328,-0.224453,-3.5468,-4.08553,3.64031,-0.234435,0.325522,0.0102532,-3.5468,-4.08553,3.64031,0.248596,0.37077,0.0489133,-5.54473,3.57553,3.5155,-0.120589,0.675128,-0.0319413,6.31036,-27.187,1.38698,0.0842994,0.668311,0.189368,-3.5468,-4.08553,3.64031,-0.121112,1.1138,0.000324466,-3.5468,-4.08553,3.64031,0.119188,1.11795,-0.0596383,
 ,-21.6155,-25.1907,91.7424,-0.0179001,-0.166514,-0.156004,-14.9775,32.2862,-86.6023,0.0521558,-0.172473,-0.194859,-2.08442,-4.7858,3.70452,-0.231395,0.312933,0.0196069,-2.08442,-4.7858,3.70452,0.242143,0.360517,0.0377111,-4.23641,3.47887,2.27148,-0.106842,0.677511,-0.0370157,8.97215,-27.5379,0.900948,0.0821403,0.665227,0.20155,-2.42003,-4.67231,3.75351,-0.132728,1.11335,-0.010151,-2.41823,-4.67292,3.75325,0.115079,1.11648,-0.0724828,
 ,-21.3378,-27.2198,91.0104,-0.0240918,-0.16909,-0.157046,-16.9845,28.6384,-86.5554,0.0564,-0.177815,-0.174386,-2.87425,-4.79785,3.74778,-0.24085,0.313789,0.0230495,-2.87425,-4.79785,3.74778,0.23162,0.362641,0.0490617,4.80137,2.97579,1.2051,-0.0888727,0.665546,0.135714,9.645,-27.6031,-1.52797,0.107749,0.663328,0.195641,-2.87425,-4.79785,3.74778,-0.143534,1.10529,-0.0226098,-2.87425,-4.79785,3.74778,0.0955856,1.11608,-0.0917259,
 ,-20.6393,-26.9703,90.3052,-0.0287486,-0.170528,-0.158972,-17.5158,29.8221,-87.2267,0.0572415,-0.176016,-0.18134,-2.88196,-4.69422,3.79442,-0.246356,0.316309,0.0195635,-2.88196,-4.69422,3.79442,0.230692,0.366615,0.0491118,7.7662,2.93043,1.62313,-0.0958861,0.6472,0.197992,9.85137,-27.4849,-2.33422,0.113007,0.661731,0.197146,-2.88196,-4.69422,3.79442,-0.147014,1.09665,-0.0158832,-2.88196,-4.69422,3.79442,0.0857061,1.11624,-0.0906375,
 ,-18.9148,-24.3915,88.4308,-0.0374037,-0.174536,-0.150396,-16.0124,29.7299,-86.5432,0.0623964,-0.175798,-0.179152,-2.67419,-5.25458,3.63352,-0.252211,0.318949,0.0125632,-2.67419,-5.25458,3.63352,0.233875,0.368577,0.0480359,10.4102,2.90194,1.14807,-0.0919216,0.628636,0.248923,11.4528,-27.3597,-3.15698,0.109888,0.657336,0.211385,-2.67419,-5.25458,3.63352,-0.151684,1.088,-0.0106359,-2.67419,-5.25458,3.63352,0.0799016,1.11432,-0.0950187,
 ,-18.0898,-23.496,87.7425,-0.0375318,-0.175744,-0.148125,-15.5716,30.6251,-87.0168,0.0573193,-0.172886,-0.184737,-2.09913,-6.14541,3.19406,-0.252492,0.318718,0.00717957,-2.09913,-6.14541,3.19406,0.234952,0.364345,0.0482322,12.8346,-2.23307,0.517963,-0.109004,0.608222,0.284771,11.4829,-27.3596,-3.17353,0.109863,0.657216,0.211597,-2.09913,-6.14541,3.19406,-0.149192,1.07912,-0.000589549,-2.65805,-5.2798,3.62123,0.0797591,1.11414,-0.0951771,
 ,-17.5679,-27.4296,89.3039,-0.0280609,-0.168986,-0.167741,-14.753,31.1874,-86.1434,0.085325,-0.176655,-0.193704,-2.66763,-6.51386,3.16773,-0.24907,0.317537,-0.00988251,-2.44269,-6.39532,3.32778,0.243643,0.385704,0.050764,11.6162,-0.663572,1.46625,-0.111463,0.605076,0.287713,13.2065,-27.0197,-4.12741,0.104051,0.654116,0.219365,-2.44418,-6.3961,3.32671,-0.146609,1.07756,0.0168029,-2.44501,-6.39653,3.32612,0.0701364,1.11193,-0.104457,
 ,-17.8507,-26.2516,89.3816,-0.0434496,-0.169308,-0.171596,-14.2856,31.0184,-86.0024,0.0902906,-0.176375,-0.194615,-2.9599,-6.85545,3.07653,-0.249249,0.335344,-0.015151,-2.96031,-6.85468,3.07626,0.24983,0.402383,0.0473822,8.43405,0.248762,1.9611,-0.11277,0.604364,0.280616,12.9218,-26.6017,-5.13157,0.106483,0.655604,0.207137,-2.96056,-6.8542,3.07609,-0.143687,1.07403,0.0583778,-2.96081,-6.85374,3.07593,0.0548858,1.11125,-0.113319,
 ,-15.8008,-25.0528,88.3172,-0.044141,-0.1701,-0.173186,-13.037,30.8114,-83.4526,0.0936632,-0.172442,-0.191915,-3.03158,-6.72063,3.02918,-0.252354,0.333727,-0.0317588,-3.03158,-6.72063,3.02918,0.260659,0.39836,0.046613,6.00942,0.361686,2.17335,-0.113621,0.612146,0.260459,13.5911,-26.4533,-5.37418,0.102973,0.654414,0.211047,-3.03158,-6.72063,3.02918,-0.142547,1.07512,0.0817426,-3.03158,-6.72063,3.02918,0.0505117,1.10989,-0.121052,
 ,-10.889,-20.9714,86.1703,-0.0583463,-0.171666,-0.172826,-13.3114,31.3685,-82.0022,0.0912115,-0.174784,-0.194852,-3.26627,-5.82879,2.70856,-0.254615,0.341692,-0.0696289,-3.19901,-6.01044,3.05066,0.269656,0.391893,0.0439768,-3.7387,0.871336,3.1705,-0.127317,0.646878,0.149248,13.8284,-26.355,-5.66891,0.102934,0.656744,0.200108,-3.19935,-6.00951,3.04892,-0.143398,1.08076,0.150281,-3.19962,-6.00877,3.04752,0.0398591,1.10858,-0.138633,
 ,-9.04863,-20.9184,86.2914,-0.0626619,-0.172656,-0.17254,-13.3184,31.3698,-81.997,0.0912264,-0.174769,-0.194867,-3.49287,-5.39463,2.47631,-0.253046,0.345405,-0.0798399,-3.26788,-5.82569,2.70691,0.275248,0.385521,0.0477298,-8.03688,1.00994,2.59388,-0.121916,0.657811,0.0988312,14.8585,-26.1688,-5.84468,0.0963727,0.655845,0.20297,-3.26887,-5.82379,2.70589,-0.143952,1.08074,0.179999,-3.26959,-5.82241,2.70516,0.0394753,1.10561,-0.153567,
 ,-6.81122,-21.8961,83.7623,-0.0614634,-0.179709,-0.173822,-15.3135,31.4537,-82.244,0.100792,-0.172522,-0.186834,-4.04191,-2.14948,-0.28222,-0.262582,0.342924,-0.0736317,-3.50145,-2.8381,0.315375,0.285083,0.374123,0.0491714,-14.6606,1.62465,-0.24101,-0.112117,0.672026,0.0101074,18.5498,-25.419,-6.6457,0.0776887,0.653547,0.202,-3.50604,-2.83219,0.310294,-0.133764,1.08664,0.215268,-3.51422,-2.82167,0.301241,0.047426,1.09004,-0.219728,
 ,-20.3319,-26.9923,84.6944,-0.075932,-0.200582,-0.152647,-9.47223,28.4133,-88.3216,0.0869366,-0.155864,-0.160644,-2.3088,6.84566,-4.40846,-0.239012,0.365961,0.114114,-2.3088,6.84566,-4.40846,0.251261,0.385119,-0.0379296,2.95804,4.44388,1.65434,-0.170913,0.674414,0.0567726,35.2798,-0.426179,-8.88073,0.131701,0.427453,0.477768,-2.3088,6.84566,-4.40846,-0.0622126,1.12455,-0.0394555,-2.56078,6.32743,-4.48233,0.0594743,0.982706,-0.1587,
 ,-23.6806,-30.5866,85.7197,-0.0789266,-0.192287,-0.164982,-9.25634,28.3606,-88.747,0.0793462,-0.156166,-0.162248,-2.75322,7.25247,-4.67237,-0.22903,0.368975,0.134914,-2.75322,7.25247,-4.67237,0.249558,0.379004,-0.0474034,2.13221,4.3439,1.85028,-0.173942,0.674996,0.0351642,30.1224,0.217599,-8.57505,0.133839,0.485644,0.435021,-2.75322,7.25247,-4.67237,-0.0565678,1.12459,-0.0524278,-2.31568,6.85199,-4.41253,0.0559725,1.01823,-0.130779,
 ,-23.6806,-30.5866,85.7197,-0.0789266,-0.192287,-0.164982,-9.25634,28.3606,-88.747,0.0793462,-0.156166,-0.162248,-2.75322,7.25247,-4.67237,-0.22903,0.368975,0.134914,-2.75322,7.25247,-4.67237,0.249558,0.379004,-0.0474034,2.13221,4.3439,1.85028,-0.173942,0.674996,0.0351642,26.8674,0.910886,-8.5604,0.135894,0.508986,0.413403,-2.75322,7.25247,-4.67237,-0.0565678,1.12459,-0.0524278,-2.75322,7.25247,-4.67237,0.0572577,1.03345,-0.110641,
 ,-30.4009,-34.2463,89.9561,-0.0637553,-0.190464,-0.180411,-7.79257,28.1563,-90.1425,0.0701995,-0.157019,-0.163726,-2.65653,7.93577,-4.53003,-0.21124,0.355915,0.165143,-2.65653,7.93577,-4.53003,0.238302,0.375817,-0.0649482,3.97084,4.51835,2.07417,-0.172965,0.674249,0.048155,22.7648,3.46654,-7.15095,0.135672,0.538603,0.376159,-2.46518,7.98844,-4.5546,-0.0578712,1.12317,-0.0682294,-2.46642,7.9881,-4.55444,0.0630703,1.04908,-0.0771058,
 ,-30.4009,-34.2463,89.9561,-0.0637553,-0.190464,-0.180411,-7.79257,28.1563,-90.1425,0.0701995,-0.157019,-0.163726,-2.65653,7.93577,-4.53003,-0.21124,0.355915,0.165143,-2.65653,7.93577,-4.53003,0.238302,0.375817,-0.0649482,3.97084,4.51835,2.07417,-0.172965,0.674249,0.048155,22.7648,3.46654,-7.15095,0.135672,0.538603,0.376159,-2.46518,7.98844,-4.5546,-0.0578712,1.12317,-0.0682294,-2.46642,7.9881,-4.55444,0.0630703,1.04908,-0.0771058,
 ,-30.9979,-34.4198,91.9169,-0.0638438,-0.184857,-0.173004,-5.86065,28.0908,-87.9026,0.0819692,-0.155232,-0.161945,-2.37746,7.69077,-3.38278,-0.199264,0.355611,0.166861,-2.37746,7.69077,-3.38278,0.241877,0.383926,-0.068745,8.38317,4.72114,3.55322,-0.166291,0.671332,0.0565786,-11.1141,1.06022,-6.9124,0.127166,0.664791,-0.030433,-2.37746,7.69077,-3.38278,-0.056663,1.11225,-0.146067,-2.94265,8.10146,-3.90181,0.0772288,1.09571,0.101211,
 ,-25.1446,-40.9873,95.1233,-0.0638931,-0.158859,-0.19555,-6.43396,28.3749,-86.3076,0.0816898,-0.155427,-0.162313,-1.11662,4.58333,-1.50455,-0.205005,0.377156,0.111805,-1.11618,4.58292,-1.50393,0.244431,0.389992,-0.0389407,14.4656,4.73142,3.86022,-0.140439,0.66721,0.0990837,-10.3725,1.14153,-3.26367,0.108518,0.67346,-0.0518537,-1.11575,4.58252,-1.50333,-0.0613271,1.0982,-0.202246,-1.11237,4.5794,-1.4986,0.0853459,1.10679,0.12501,
 ,-10.7043,-39.1317,86.5853,-0.0804494,-0.137593,-0.208358,-13.6088,30.1747,-84.7029,0.0764811,-0.164611,-0.167353,0.493154,-1.50849,0.951901,-0.262318,0.375924,0.0069967,0.493154,-1.50849,0.951901,0.250225,0.391599,0.0592558,29.0262,4.61184,6.62703,-0.155234,0.604616,0.295772,-0.278286,1.46889,0.55147,0.0876367,0.684054,0.018774,0.295464,-0.0960592,0.697555,-0.0701637,1.06283,-0.250042,0.304058,-0.15653,0.708547,0.0839636,1.12234,0.0329576,
 ,-2.99916,-38.9779,77.0006,-0.109113,-0.128165,-0.212352,-24.1844,31.3817,-87.3228,0.0757742,-0.187628,-0.172312,0.636761,-5.95468,1.44455,-0.312298,0.376471,-0.0338566,0.636761,-5.95468,1.44455,0.241507,0.378512,0.155265,38.4585,3.81477,5.22374,-0.111348,0.444919,0.492948,1.06594,1.51412,1.53723,0.0746705,0.685786,0.0119355,0.916954,-4.73193,1.54542,-0.0774475,1.00163,-0.157996,0.912351,-4.75196,1.54372,0.0728182,1.12414,0.0204395,
 ,0.799665,-38.5638,74.2723,-0.115468,-0.125416,-0.218528,-27.5267,34.3167,-89.2228,0.0900295,-0.187408,-0.18426,0.029665,-7.19388,1.6639,-0.327198,0.372462,-0.06782,0.845864,-6.84035,1.2438,0.234603,0.383947,0.185488,16.7861,3.1184,4.72763,-0.119075,0.58295,0.32993,1.02124,1.56842,1.23825,0.0593929,0.683878,-0.00928567,0.842302,-6.84191,1.24563,-0.0797268,1.07243,0.0273527,0.838921,-6.84339,1.24736,0.0601055,1.1222,-0.000472752,
 ,1.28787,-38.5064,74.4712,-0.10593,-0.127477,-0.215051,-28.3407,35.9296,-88.9162,0.0808865,-0.190129,-0.17632,-1.14188,-7.39895,0.935268,-0.318203,0.370995,-0.077445,-1.14188,-7.39895,0.935268,0.235175,0.367152,0.189174,-10.5862,4.56856,2.8997,-0.0999782,0.668653,0.0333727,-0.523443,1.35367,1.02599,0.0470168,0.681414,-0.0348414,-1.14188,-7.39895,0.935268,-0.0910797,1.0852,0.203144,-0.683241,-7.528,1.03461,0.0518327,1.11975,-0.0271601,
 ,1.44423,-37.985,74.993,-0.104679,-0.122563,-0.20643,-27.1596,35.6004,-89.2972,0.0815719,-0.186518,-0.177892,-1.10698,-6.16011,0.493389,-0.305653,0.380121,-0.071176,-1.10698,-6.16011,0.493389,0.239127,0.370373,0.170046,-19.7915,5.37734,2.99542,-0.113326,0.663137,-0.0930746,-1.57521,1.19927,0.710671,0.0470362,0.680148,-0.044627,-1.10698,-6.16011,0.493389,-0.0837493,1.07689,0.254557,-1.67142,-6.58692,0.714959,0.0526515,1.11848,-0.0378391,
 ,1.14807,-37.5171,77.5522,-0.107667,-0.119794,-0.202431,-21.5343,34.9332,-89.3989,0.0892003,-0.17858,-0.17717,-0.118871,-3.99353,0.0766943,-0.287668,0.399155,-0.0610255,-0.118871,-3.99353,0.0766943,0.242665,0.386151,0.124993,-16.9304,5.09204,3.85727,-0.132403,0.664683,-0.0882137,5.86691,2.02539,-2.86541,0.0893924,0.674693,-0.00434061,-0.118871,-3.99353,0.0766943,-0.0673487,1.08846,0.227714,-0.770122,-4.61321,0.195906,0.0406634,1.1048,-0.128557,
 ,-2.02414,-37.5677,78.5209,-0.0933806,-0.119703,-0.191542,-14.7537,33.8702,-90.313,0.0884871,-0.17872,-0.178043,0.196631,-2.41401,-0.880354,-0.269265,0.393412,-0.0258237,0.196631,-2.41401,-0.880354,0.249359,0.396741,0.0660987,-9.43371,4.74005,3.41905,-0.140777,0.673282,-0.0291839,24.3419,3.34878,-11.7922,0.222143,0.621338,0.178708,0.196631,-2.41401,-0.880354,-0.0609952,1.10781,0.149073,0.262695,-2.93463,-0.274082,0.0106831,1.05694,-0.276886,
 ,-5.09404,-37.8385,80.0506,-0.0807925,-0.123905,-0.190835,-9.8742,32.4007,-88.1297,0.0883942,-0.165046,-0.171667,1.01286,-0.759074,-1.73309,-0.2572,0.386758,0.00383584,1.01286,-0.759074,-1.73309,0.253981,0.392271,0.0297139,-4.7486,4.76847,3.04064,-0.149305,0.675519,0.00209533,32.6295,3.79267,-13.4281,0.236369,0.570923,0.295198,1.01286,-0.759074,-1.73309,-0.0575898,1.11649,0.105849,1.01286,-0.759074,-1.73309,0.0117014,1.03539,-0.292019,
 ,-16.0479,-38.9556,83.6746,-0.0686385,-0.135217,-0.187416,-8.84178,31.6971,-87.0997,0.0922746,-0.156548,-0.174348,-0.395557,3.47867,-3.55178,-0.227909,0.384471,0.0835129,-0.395557,3.47867,-3.55178,0.265818,0.381628,-0.0117826,-0.293329,5.20939,3.16696,-0.179506,0.672535,0.0335403,42.6038,-3.17187,-11.8856,0.128956,0.425416,0.505773,-0.395557,3.47867,-3.55178,-0.0494423,1.12382,0.0280265,-0.395557,3.47867,-3.55178,0.0240281,0.983881,-0.220866,
 ,-22.9217,-30.0916,87.9218,-0.0642665,-0.182305,-0.162013,-7.87146,31.497,-86.0024,0.105278,-0.153231,-0.175218,-0.786254,4.3598,-3.67999,-0.218307,0.381705,0.122889,-0.786254,4.3598,-3.67999,0.271655,0.394192,-0.0223747,-0.504687,5.20194,4.16081,-0.191237,0.669751,0.0209924,39.3882,-1.89324,-11.403,0.133219,0.401003,0.526425,-0.786254,4.3598,-3.67999,-0.0390407,1.12355,0.013904,-0.786254,4.3598,-3.67999,0.0347525,0.988233,-0.142708,
 ,-31.0126,-35.2896,91.739,-0.0582335,-0.185671,-0.181221,-6.94877,31.3785,-84.5715,0.092777,-0.151527,-0.180831,-1.77577,5.41464,-3.50416,-0.210098,0.36803,0.166848,-1.77577,5.41464,-3.50416,0.27799,0.388381,-0.0429903,1.51978,5.26515,5.91024,-0.199445,0.664344,0.0504639,26.2495,0.196107,-8.0417,0.133062,0.489615,0.44081,-1.89625,5.05227,-3.52103,-0.0221953,1.12059,-0.0161994,-1.89577,5.05372,-3.52096,0.0600395,1.02738,-0.0505384,
 ,-34.7653,-38.0253,97.4982,-0.0573705,-0.173396,-0.173751,-1.47641,30.9834,-80.4173,0.0882659,-0.14976,-0.192092,-1.81464,3.12467,-0.526842,-0.192838,0.356445,0.169044,-1.81464,3.12467,-0.526842,0.284608,0.380194,-0.0708879,4.00721,4.83729,9.8431,-0.200442,0.657562,0.0407931,-5.00383,-0.217403,-5.15127,0.135333,0.649297,0.12348,-1.81464,3.12467,-0.526842,-0.007422,1.11188,-0.0725088,-2.36885,3.58613,-1.29842,0.0735015,1.08025,0.170498,
 ,-30.5454,-36.0788,95.6177,-0.0677138,-0.168087,-0.157779,1.84645,30.4333,-81.7506,0.0921931,-0.151649,-0.190976,-1.61756,1.92639,0.313006,-0.195903,0.360139,0.148705,-1.61756,1.92639,0.313006,0.272981,0.390444,-0.091119,8.4063,4.62849,13.7727,-0.238241,0.641578,0.0629913,-12.5248,-1.25968,-5.37581,0.166371,0.662065,0.00827577,-1.61756,1.92639,0.313006,0.00999933,1.09933,-0.129008,-1.61756,1.92639,0.313006,0.0641976,1.08829,0.214436,
 ,-27.3797,-35.6397,95.0081,-0.0793824,-0.163583,-0.160411,0.00600269,30.697,-83.2931,0.0949227,-0.153556,-0.191943,-1.76951,0.737343,1.10911,-0.204727,0.372879,0.122523,-1.76951,0.737343,1.10911,0.262799,0.404825,-0.07792,11.921,4.40794,15.2032,-0.248818,0.633687,0.0867993,-10.1502,-1.4322,-5.30319,0.174441,0.662607,0.0238119,-1.76951,0.737343,1.10911,0.0107947,1.08975,-0.173429,-1.76951,0.737343,1.10911,0.0537281,1.09763,0.182829,
 ,-15.2967,-33.998,90.185,-0.0662894,-0.143451,-0.17015,-4.92496,31.5959,-82.7823,0.0856541,-0.154894,-0.180651,0.568785,-1.54606,2.90819,-0.232483,0.356282,0.0347815,0.568785,-1.54606,2.90819,0.249701,0.407142,-0.00142564,28.1761,2.55419,11.0826,-0.1724,0.605356,0.265608,-1.61177,-2.21265,-4.5421,0.187135,0.664546,0.0653187,0.568785,-1.54606,2.90819,-0.0277647,1.05876,-0.252072,0.536652,-1.46124,2.41762,0.052124,1.11366,0.105693,
 ,-10.4976,-34.2585,87.9929,-0.0940796,-0.143939,-0.181347,-11.0552,32.5014,-83.7968,0.0729434,-0.158525,-0.181549,0.436319,-2.71897,3.32852,-0.24406,0.359482,0.0108677,0.437981,-2.72318,3.32917,0.242498,0.397002,0.0442457,32.9573,2.41721,11.3271,-0.175848,0.572736,0.333438,3.37022,-2.68233,-5.45217,0.200722,0.661029,0.0859979,0.443595,-2.73742,3.33137,-0.0360497,1.04338,-0.268038,0.445088,-2.74121,3.33196,0.0330503,1.11936,0.029258,
 ,-10.4499,-34.3973,85.7946,-0.0950854,-0.142281,-0.18477,-16.0682,32.8965,-84.3164,0.0514047,-0.160255,-0.172594,0.132517,-3.90325,3.58459,-0.26962,0.371442,-0.00121038,0.132517,-3.90325,3.58459,0.231319,0.372499,0.0817795,37.8921,6.22699,9.72166,-0.118486,0.508918,0.442514,4.9845,-2.88556,-5.75855,0.208717,0.659215,0.0853851,0.132517,-3.90325,3.58459,-0.0535643,1.02416,-0.231824,0.132517,-3.90325,3.58459,0.0325119,1.11969,-0.00705262,
 ,-9.08388,-35.2285,81.7057,-0.103477,-0.145228,-0.19429,-25.8607,28.3955,-87.0087,0.0583196,-0.191047,-0.156522,0.646568,-6.00567,3.63219,-0.302343,0.366342,-0.00561817,0.646568,-6.00567,3.63219,0.221879,0.364392,0.158908,38.0093,1.74292,7.69908,-0.12421,0.417815,0.487041,7.36015,-2.90139,-9.47938,0.239713,0.646849,0.093199,0.276081,-5.40268,3.73524,-0.0734941,0.978908,-0.145916,0.277828,-5.40553,3.73476,-0.00594157,1.11391,-0.0412135,
 ,-5.03486,-35.6187,77.1189,-0.109218,-0.147321,-0.195961,-29.625,32.9851,-89.1868,0.0569979,-0.191376,-0.174519,-0.541153,-7.30702,3.13711,-0.323991,0.353357,-0.0318996,-0.541153,-7.30702,3.13711,0.219524,0.361384,0.180947,4.11134,1.14602,3.86094,-0.11194,0.635146,0.20319,11.0082,-2.53709,-9.68609,0.215187,0.647324,0.116175,-0.541153,-7.30702,3.13711,-0.117407,1.0808,0.108113,-0.661798,-7.06773,3.20065,-0.0138032,1.10743,-0.106258,
 ,-3.76461,-35.3851,76.9126,-0.112772,-0.146883,-0.199835,-28.2231,36.2376,-90.0472,0.061193,-0.185809,-0.184637,-0.631525,-6.53218,2.54222,-0.322821,0.358905,-0.0402878,-0.631525,-6.53218,2.54222,0.225117,0.364542,0.169318,-6.32493,2.0207,3.62351,-0.110949,0.661812,0.0869677,11.2268,-2.48469,-14.5285,0.267551,0.630352,0.091673,-0.631525,-6.53218,2.54222,-0.114457,1.08325,0.187909,-0.690788,-6.9623,3.07123,-0.0470398,1.09537,-0.136979,
 ,-5.76618,-34.8787,78.2043,-0.115882,-0.139092,-0.199116,-20.7389,37.6872,-86.9815,0.0996155,-0.170492,-0.183052,-2.06583,-3.41514,0.897964,-0.301349,0.382236,-0.0288071,-2.06583,-3.41514,0.897964,0.251073,0.394439,0.11847,-19.0513,3.06568,2.54913,-0.113948,0.666005,-0.0809423,11.4111,-2.31168,-15.3232,0.251203,0.634172,0.0602791,-2.06583,-3.41514,0.897964,-0.0916744,1.08242,0.238869,-1.87612,-4.2835,1.22246,-0.0472824,1.08457,-0.195063,
 ,-4.33841,-34.4241,77.5747,-0.0925898,-0.138709,-0.199231,-17.5042,36.7624,-86.7145,0.0881502,-0.165149,-0.181079,-0.77281,-1.55306,-0.182154,-0.29431,0.367003,-0.0239481,-0.77281,-1.55306,-0.182154,0.257887,0.385115,0.089029,-18.398,2.97383,0.181514,-0.0936154,0.670411,-0.0936162,18.3466,-1.45967,-12.4959,0.197089,0.63739,0.135928,-0.77281,-1.55306,-0.182154,-0.0881983,1.08672,0.239768,-0.77281,-1.55306,-0.182154,-0.0271325,1.07711,-0.229358,
 ,-6.0316,-34.5835,80.2594,-0.0854494,-0.142279,-0.195438,-13.3195,36.0555,-85.6942,0.0937354,-0.161439,-0.186182,-0.355494,-0.524637,-0.926112,-0.275989,0.377223,-0.00863744,-0.355494,-0.524637,-0.926112,0.270309,0.388595,0.0541375,-13.1818,2.79546,1.45715,-0.122066,0.674765,-0.0467613,20.3723,-1.25297,-13.593,0.208814,0.630244,0.14939,-0.355494,-0.524637,-0.926112,-0.0753977,1.09974,0.196646,-0.753498,-0.99068,-0.57472,-0.0297072,1.06872,-0.252314,
 ,-10.4068,-35.2377,81.154,-0.0734584,-0.146342,-0.185268,-8.4856,34.4125,-86.466,0.084372,-0.151494,-0.192537,0.321343,1.10334,-1.4539,-0.264126,0.371086,0.0405395,0.321343,1.10334,-1.4539,0.263703,0.386701,-0.00414605,-1.87853,2.98526,3.99722,-0.160176,0.671232,0.0468273,34.9417,-0.868415,-12.9537,0.209763,0.562289,0.33257,0.321343,1.10334,-1.4539,-0.0548705,1.11637,0.0869699,0.321343,1.10334,-1.4539,0.00560796,1.02967,-0.30595,
 ,-12.7885,-35.4482,81.4371,-0.0767203,-0.146008,-0.181848,-6.12829,33.7306,-86.734,0.0920935,-0.147314,-0.196744,1.2891,2.54605,-1.85143,-0.25612,0.373734,0.0723408,1.2891,2.54605,-1.85143,0.262602,0.393533,-0.0285197,1.69799,3.29909,5.64881,-0.190156,0.665511,0.0571668,36.2852,-0.773177,-10.482,0.183879,0.559767,0.353051,1.2891,2.54605,-1.85143,-0.0455951,1.11909,0.0481704,0.810079,2.11416,-1.68611,0.0233693,1.03049,-0.300993,
 ,-14.3502,-35.4744,81.9599,-0.073518,-0.146491,-0.178894,-5.97661,33.7741,-87.8568,0.0950244,-0.149527,-0.195108,1.24168,3.50728,-1.8994,-0.249652,0.370573,0.0863916,1.24168,3.50728,-1.8994,0.257213,0.401295,-0.0342534,2.3813,3.35943,5.85242,-0.193163,0.664987,0.0543081,40.1289,-6.67744,-7.72282,0.110054,0.525663,0.429958,1.24168,3.50728,-1.8994,-0.0438151,1.11979,0.032336,1.24168,3.50728,-1.8994,0.0468107,1.02329,-0.275735,
 ,-30.0932,-35.1387,92.9645,-0.0608573,-0.179394,-0.165882,-4.24942,32.8328,-86.0891,0.0740088,-0.140609,-0.189547,-0.244042,4.91881,-1.06924,-0.206231,0.352953,0.168877,-0.244042,4.91881,-1.06924,0.245894,0.382222,-0.0624383,3.55292,3.1643,10.4782,-0.221329,0.653867,0.0258654,34.0284,-0.605746,-3.6449,0.115667,0.433212,0.46389,-0.244042,4.91881,-1.06924,-0.00381568,1.11343,-0.0470859,-0.680305,5.21792,-1.21545,0.0748068,0.982987,-0.123735,
 ,-32.4679,-29.9956,93.2805,-0.0700022,-0.18127,-0.144542,-4.25102,33.2524,-84.9804,0.0778594,-0.142008,-0.176851,-1.17851,4.85294,0.143012,-0.197285,0.34832,0.176217,-1.17851,4.85294,0.143012,0.239921,0.386234,-0.0512009,4.18765,3.12544,11.891,-0.213574,0.651949,0.0181768,-0.409917,-7.78976,-4.18318,0.127457,0.653507,0.148359,-1.17851,4.85294,0.143012,0.00460991,1.10768,-0.0858752,-1.17851,4.85294,0.143012,0.075235,1.09432,0.119615,
 ,-31.8074,-31.2532,93.8553,-0.0697852,-0.178562,-0.147044,-5.66874,33.3774,-85.2922,0.0784905,-0.141995,-0.178829,-1.76385,4.34843,0.346073,-0.197486,0.351226,0.165806,-1.76385,4.34843,0.346073,0.238729,0.389198,-0.0455819,5.14654,3.05674,14.5064,-0.247694,0.64032,0.0242701,-0.580546,-7.80727,-4.16693,0.127511,0.654013,0.14643,-1.76385,4.34843,0.346073,0.0140222,1.10093,-0.109235,-1.19261,4.84076,0.147848,0.0753134,1.09453,0.120687,
 ,-27.0113,-32.22,94.634,-0.0677713,-0.175344,-0.155031,-8.80399,33.5027,-86.6489,0.0733045,-0.142495,-0.179538,-2.59971,3.27894,0.537965,-0.202494,0.364732,0.11941,-2.59971,3.27894,0.537965,0.231871,0.390042,-0.030228,6.27587,2.97338,16.8739,-0.278245,0.627504,0.00786551,-11.4062,-8.2423,-6.1785,0.167672,0.662073,0.0192737,-2.59971,3.27894,0.537965,0.0231438,1.08916,-0.161966,-2.26344,3.84762,0.509433,0.0535122,1.09481,0.184579,
 ,-16.8704,-31.1214,90.5491,-0.0997931,-0.163597,-0.145742,-9.07663,33.7529,-85.2136,0.0749471,-0.142669,-0.180803,-1.46514,0.140089,1.03954,-0.219119,0.39474,0.0666226,-1.46514,0.140089,1.03954,0.238996,0.38921,-0.00270962,15.5671,2.44886,15.413,-0.249267,0.627736,0.117886,-9.32425,-8.37228,-6.04994,0.175159,0.663222,0.0280947,-1.46514,0.140089,1.03954,0.017674,1.08095,-0.20597,-1.84735,0.723585,0.898981,0.0463831,1.10231,0.163255,
 ,-14.9309,-30.8735,89.1599,-0.0918431,-0.159573,-0.147295,-9.67083,33.9134,-85.7811,0.0728434,-0.144135,-0.182102,-1.27161,-0.851561,1.17619,-0.226184,0.385345,0.0487329,-1.27161,-0.851561,1.17619,0.236823,0.389572,0.00463208,20.0589,2.02723,13.3005,-0.220354,0.625351,0.174642,-5.13183,-8.56767,-6.22701,0.179805,0.661805,0.0657723,-1.27161,-0.851561,1.17619,0.00505588,1.07395,-0.230364,-1.27161,-0.851561,1.17619,0.0439415,1.10741,0.131961,
 ,-10.064,-30.3872,84.8237,-0.0850904,-0.152677,-0.159113,-12.6632,34.7143,-87.0387,0.0607273,-0.150325,-0.189546,0.223173,-5.79781,2.09738,-0.256003,0.36063,-0.000946139,0.223173,-5.79781,2.09738,0.229753,0.384408,0.050177,36.2845,11.8026,9.22681,-0.103823,0.54847,0.40463,3.48573,-9.02642,-7.10584,0.194647,0.65872,0.0989468,0.223173,-5.79781,2.09738,-0.0407003,1.03884,-0.254619,0.223173,-5.79781,2.09738,0.0284883,1.11747,0.0324321,
 ,-15.298,-31.3194,87.5566,-0.0710139,-0.162417,-0.166498,-19.2349,30.3756,-86.6912,0.0698495,-0.181043,-0.178674,0.136943,-8.16653,2.35376,-0.257726,0.351668,0.013984,0.136943,-8.16653,2.35376,0.236481,0.383629,0.113828,33.9923,5.85296,6.65636,-0.112964,0.511086,0.447003,4.72447,-8.83807,-9.01575,0.204518,0.656522,0.0809343,0.136943,-8.16653,2.35376,-0.0668604,1.03924,-0.168369,0.136943,-8.16653,2.35376,-0.00175941,1.11643,-0.00779341,
 ,-15.8718,-31.1099,87.525,-0.0695398,-0.160539,-0.165753,-19.2168,31.0195,-86.483,0.0709119,-0.181598,-0.17692,0.252538,-8.20995,2.39575,-0.256291,0.349824,0.0169114,0.252538,-8.20995,2.39575,0.236776,0.379978,0.119244,30.794,8.04894,7.66926,-0.113156,0.531733,0.42264,6.50212,-8.86819,-11.5222,0.232338,0.645327,0.0979571,0.252538,-8.20995,2.39575,-0.066803,1.05191,-0.137795,0.252538,-8.20995,2.39575,-0.016722,1.1116,-0.0220651,
 ,-16.0712,-30.6948,87.658,-0.0749694,-0.156715,-0.164683,-19.816,30.1458,-86.2468,0.0780357,-0.1837,-0.174422,0.409924,-8.4011,2.41238,-0.252224,0.356216,0.0178311,0.409924,-8.4011,2.41238,0.236744,0.38071,0.125773,26.2861,8.6208,6.59324,-0.111725,0.5639,0.380249,7.02103,-8.85917,-13.4202,0.252269,0.638139,0.0942079,0.626414,-8.37566,2.43012,-0.0839383,1.06748,-0.103061,0.626219,-8.37568,2.43011,-0.0325378,1.10826,-0.0281031,
 ,-18.8732,-22.2344,86.7227,-0.0650992,-0.180307,-0.145887,-20.1802,32.7446,-88.3505,0.0777484,-0.177404,-0.177007,-1.20582,-5.47824,1.52858,-0.254119,0.346873,0.0273573,-1.20582,-5.47824,1.52858,0.235749,0.37184,0.0997252,-5.83182,19.2383,1.74854,-0.11057,0.672803,0.0889828,8.18045,-8.46207,-9.67678,0.183585,0.656685,0.094332,-1.20582,-5.47824,1.52858,-0.144768,1.10002,0.137805,-0.423008,-6.20175,1.79291,-0.011148,1.11246,-0.0756276,
 ,-18.1426,-23.0596,85.81,-0.0739246,-0.177253,-0.149873,-19.543,31.6114,-89.6209,0.0894223,-0.170063,-0.171188,-2.59904,-2.32372,0.756971,-0.252508,0.357183,0.0300228,-2.59904,-2.32372,0.756971,0.229027,0.388776,0.0692771,-13.6756,19.4937,0.213282,-0.139835,0.674775,0.0227036,6.53667,-8.52081,-9.36317,0.175674,0.66063,0.063729,-2.59904,-2.32372,0.756971,-0.157571,1.09486,0.184735,-2.22085,-3.78591,1.02714,-0.00881806,1.10956,-0.105829,
 ,-13.9521,-22.5096,85.1464,-0.0616296,-0.175858,-0.152098,-17.0772,31.27,-89.9707,0.0816848,-0.169382,-0.167974,-0.400961,3.61419,-0.179447,-0.245342,0.349149,0.0360246,-0.400961,3.61419,-0.179447,0.23645,0.382349,0.0420362,-9.24518,20.0266,-1.27765,-0.127682,0.680238,0.0463022,17.0524,-7.36628,-6.38277,0.119972,0.652438,0.169594,-0.400961,3.61419,-0.179447,-0.145194,1.10363,0.172534,-0.400961,3.61419,-0.179447,0.0126015,1.09653,-0.169095,
 ,-13.1985,-22.2475,87.2843,-0.0629626,-0.17676,-0.152268,-16.6511,30.9654,-86.6721,0.082479,-0.162278,-0.167804,-0.0766741,11.405,-0.305632,-0.227518,0.359359,0.0606151,-0.0766741,11.405,-0.305632,0.252913,0.367749,0.00912174,-4.48708,20.4913,-0.900085,-0.123888,0.681354,0.0688596,16.6065,-7.8558,-6.77309,0.144347,0.655569,0.147229,-0.0766741,11.405,-0.305632,-0.127647,1.11321,0.129834,-0.0766741,11.405,-0.305632,0.00419641,1.09777,-0.182045,
 ,-11.847,-22.7343,88.6565,-0.066947,-0.185589,-0.1478,-15.826,30.6652,-85.7518,0.0954431,-0.157899,-0.166355,-0.845525,20.5742,-0.719103,-0.21345,0.368102,0.0910023,-0.845525,20.5742,-0.719103,0.252586,0.375871,-0.0376913,-1.81276,20.9011,1.28545,-0.154124,0.677232,0.0643976,16.8111,-7.9797,-4.14778,0.125432,0.662257,0.140418,-0.164511,17.8544,-0.586029,-0.116956,1.118,0.0916685,-0.169137,17.8731,-0.586821,0.0125161,1.09691,-0.206494,
 ,-13.1987,-24.7746,88.2518,-0.082643,-0.205568,-0.148576,-15.9799,30.8493,-85.846,0.115855,-0.158501,-0.1679,-3.57058,28.7927,-1.08152,-0.210734,0.381974,0.142083,-3.57058,28.7927,-1.08152,0.244653,0.402856,-0.0834291,-2.37327,20.7286,2.7638,-0.164225,0.673658,0.0664767,11.8023,-8.2181,-0.18793,0.0913465,0.674069,0.122724,-3.57058,28.7927,-1.08152,-0.0901353,1.1206,0.0608437,-3.25659,25.9063,-1.17555,0.0361745,1.10207,-0.210942,
 ,-16.9788,-26.0046,91.4294,-0.0552116,-0.211398,-0.145942,-18.564,29.2344,-87.5599,0.0526937,-0.176695,-0.192635,-2.99423,34.4627,0.721415,-0.180984,0.360093,0.177498,-2.99423,34.4627,0.721415,0.223662,0.360124,-0.129551,-1.31558,20.5278,6.16827,-0.174304,0.667773,0.056184,12.3602,-9.04766,2.79236,0.0854604,0.673,0.156288,-2.99423,34.4627,0.721415,-0.0719579,1.118,0.0406443,-3.0917,33.401,0.490713,0.0455666,1.10297,-0.222667,
 ,-18.8409,-25.8523,90.8399,-0.0735941,-0.208924,-0.148195,-18.0992,31.9541,-88.9343,0.0498043,-0.17004,-0.197588,-3.66823,39.5086,0.373081,-0.157553,0.378245,0.201168,-3.66823,39.5086,0.373081,0.204277,0.36159,-0.149313,0.860469,20.4726,7.10426,-0.169984,0.665863,0.0803809,11.2229,-9.12971,0.263413,0.123193,0.672473,0.136025,-3.66823,39.5086,0.373081,-0.0676641,1.11764,0.018319,-3.13193,37.6367,0.558607,0.00622253,1.1028,-0.220768,
 ,-22.2527,-25.4479,96.3078,-0.0751692,-0.208951,-0.134152,-18.6399,36.1094,-89.0295,0.04473,-0.160515,-0.179791,-2.86886,42.8779,3.77148,-0.118889,0.389441,0.204466,-2.86886,42.8779,3.77148,0.185231,0.352997,-0.129116,2.47722,19.827,12.5978,-0.193731,0.650069,0.105773,9.9533,-8.8908,2.46137,0.0882374,0.674127,0.148156,-2.86886,42.8779,3.77148,-0.057675,1.1088,0.00272046,-2.86886,42.8779,3.77148,-0.0414219,1.10559,-0.197151,
 ,-21.8368,-24.608,95.7112,-0.0622367,-0.196744,-0.128536,-14.5733,47.752,-90.0608,0.0665349,-0.130529,-0.151978,-2.15706,52.1902,4.70304,-0.0867481,0.377868,0.207441,-2.15706,52.1902,4.70304,0.150155,0.37103,-0.113422,3.45664,19.5072,14.3683,-0.197208,0.644536,0.118528,7.66971,-8.52995,2.40178,0.0816787,0.678987,0.122265,-2.15706,52.1902,4.70304,-0.046851,1.1055,-0.00831344,-2.15706,52.1902,4.70304,-0.0730236,1.11091,-0.169453,
 ,-21.2817,-23.8228,95.7785,-0.0542318,-0.188176,-0.13171,-10.897,57.9136,-88.1001,0.0723507,-0.111008,-0.162282,2.26065,61.1306,9.39692,-0.0677919,0.366516,0.214272,2.26065,61.1306,9.39692,0.126485,0.378476,-0.128871,3.01431,19.354,14.1474,-0.182582,0.645977,0.119869,3.00375,18.843,13.8666,0.00661358,0.692844,0.0530524,2.26065,61.1306,9.39692,-0.0481831,1.10436,0.0238791,2.26065,61.1306,9.39692,0.0461917,1.12065,-0.153904,
 ,-21.8508,-22.6506,97.7655,-0.03937,-0.178091,-0.129027,1.70086,68.2806,-78.8083,0.0818852,-0.0817949,-0.179524,16.254,69.6582,21.9747,-0.0284647,0.34803,0.218829,16.254,69.6582,21.9747,0.0925561,0.389041,-0.152843,6.76398,17.7097,13.5581,-0.130908,0.644849,0.148594,-0.418405,-8.51642,1.92827,0.121615,0.683398,0.0534152,11.1857,66.8383,17.3241,-0.0582826,1.09817,0.0342038,11.2041,66.8501,17.3408,-0.0390819,1.12275,-0.0526421,
 ,-25.2088,-20.6993,102.89,-0.0391551,-0.165044,-0.111199,50.0326,76.3736,-33.0367,0.105277,-0.0413858,-0.208938,62.1729,74.5626,66.8758,0.0443841,0.337549,0.212055,62.1729,74.5626,66.8758,0.0481496,0.412395,-0.188855,15.0713,11.2648,16.6142,-0.0766788,0.588515,0.279737,15.077,11.2721,16.6249,0.10766,0.644146,0.241912,49.2197,74.9212,54.41,-0.0424561,1.06315,0.0596502,49.2714,74.9212,54.4598,-0.0128271,1.10674,-0.129792,
 ,-24.8827,-21.0074,102.549,-0.0189673,-0.164586,-0.0942505,49.7872,76.8024,-33.9598,0.103448,-0.0391093,-0.205597,61.2657,75.2278,65.5219,0.0558344,0.315124,0.202955,61.2657,75.2278,65.5219,0.0451875,0.40962,-0.187564,12.0632,-9.43821,19.2798,-0.17778,0.548938,0.286849,12.0647,-9.42057,19.2789,0.0161591,0.617609,0.321399,61.2657,75.2278,65.5219,-0.0226475,1.04189,0.0377693,61.2657,75.2278,65.5219,-0.000586121,1.09168,-0.163696,
 ,-26.0917,-20.455,106.039,-0.0456163,-0.166739,-0.090579,65.5259,75.6025,-18.4226,0.113138,-0.0310549,-0.214061,73.381,73.6334,77.66,0.0763231,0.342321,0.196821,73.381,73.6334,77.66,0.0365459,0.41911,-0.197193,11.0774,-12.6003,21.4608,-0.185996,0.53344,0.292719,12.0561,-9.45365,19.3518,0.0160216,0.617794,0.322027,73.381,73.6334,77.66,-0.0141836,1.03043,0.0427792,61.572,75.1991,65.8288,-0.000372305,1.09201,-0.164062,
 ,-16.8195,-33.6217,93.0607,-0.0109656,-0.136932,-0.152258,171.049,48.5098,80.6966,0.0888702,0.11078,-0.141626,169.515,47.6022,168.842,0.167828,0.302401,0.152305,169.515,47.6022,168.842,-0.107625,0.391092,-0.13235,-1.46487,-33.4812,9.22391,-0.128482,0.597691,0.159401,-3.07282,-9.38996,5.73939,0.229511,0.658161,0.0728933,159.738,53.4997,160.01,0.108199,1.04821,0.0402715,159.984,53.3804,160.235,-0.0696972,1.11542,-0.101032,
 ,-11.8594,-21.614,85.6407,-0.000819174,-0.172248,-0.138574,-179.549,35.7724,91.4722,0.0679451,0.119175,-0.0912673,179.276,35.2104,-179.788,0.188369,0.294954,0.134068,179.276,35.2104,-179.788,-0.116351,0.368634,-0.0840214,4.21274,-30.1454,-0.16754,-0.131601,0.667471,0.048904,-2.15189,-8.07196,-2.59142,0.188471,0.668916,0.015784,179.276,35.2104,-179.788,0.0798597,1.10966,0.0412052,179.276,35.2104,-179.788,-0.103959,1.11347,-0.0997872,
 ,-13.162,-26.9035,84.1657,-0.0349823,-0.179706,-0.160678,-179.217,24.7641,93.3002,0.062777,0.127156,-0.0643429,179.999,24.3795,-177.448,0.235162,0.326685,0.0850471,179.999,24.3795,-177.448,-0.124948,0.362523,-0.0590593,-3.14083,-30.4309,-0.361097,-0.0883211,0.681066,-0.10027,-2.32372,-8.23794,-4.02768,0.161378,0.673843,0.0186291,179.999,24.3795,-177.448,0.0807683,1.1233,0.0338204,179.999,24.3795,-177.448,-0.105493,1.11526,-0.0822679,
 ,-24.1685,-37.6031,89.7757,-0.0420225,-0.177393,-0.188743,171.076,15.1329,89.7,0.0746889,0.139554,-0.075871,170.609,14.8533,179.302,0.264335,0.334127,0.0202954,170.609,14.8533,179.302,-0.138104,0.374041,-0.0722286,-13.1923,-30.2206,7.9679,-0.130412,0.662466,-0.140028,-8.82468,-8.08162,0.157173,0.131141,0.672966,0.0562536,170.609,14.8533,179.302,0.047014,1.11388,0.0699343,170.609,14.8533,179.302,-0.115904,1.11252,-0.0610691,
 ,-23.9934,-31.7903,83.8688,-0.0618253,-0.1986,-0.152414,171.096,47.6093,97.1736,0.0399198,0.109711,-0.190319,168.842,5.59383,-178.539,0.278354,0.342697,-0.0436051,168.842,5.59383,-178.539,-0.186671,0.35468,-0.0834258,-9.9898,-30.394,5.11137,-0.144196,0.669313,-0.0750556,-11.3377,-7.05827,-0.976883,0.11352,0.659805,0.0882176,168.842,5.59383,-178.539,0.0416237,1.11607,0.0719094,168.428,8.68079,-179.246,-0.107391,1.09872,-0.0864283,
 ,-24.4671,-40.3383,84.7661,-0.0352821,-0.194687,-0.174555,-54.0619,82.2713,-127.999,0.00700626,-0.0221948,-0.249358,172.346,1.17682,-177.47,0.272457,0.305908,-0.0952414,172.346,1.17682,-177.47,-0.236869,0.319582,-0.0503274,-10.769,-30.2806,5.52258,-0.114335,0.668886,-0.129205,-13.2156,-6.30313,-5.05079,0.137801,0.651314,0.0752643,172.346,1.17682,-177.47,0.0211114,1.11873,0.0487524,170.447,3.4706,-177.882,-0.081095,1.08764,-0.142867,
 ,-32.1784,-38.5587,86.0907,-0.0591458,-0.206872,-0.157919,-19.1826,48.2231,-91.7599,0.00822096,-0.128543,-0.212272,171.703,-3.30653,-177.375,0.255112,0.315989,-0.172581,171.703,-3.30653,-177.375,-0.251672,0.300136,0.0073425,-12.7535,-29.9405,5.71908,-0.0901069,0.665437,-0.162696,-19.2159,-6.39467,-7.08457,0.151787,0.65184,-0.00696303,171.703,-3.30653,-177.375,0.0161401,1.11678,0.0608502,172.662,-2.79424,-177.312,-0.0808064,1.01277,-0.202401,
 ,-40.8566,-32.8647,87.007,-0.0651308,-0.217007,-0.124847,-15.0279,22.5307,-87.4007,0.0458669,-0.162335,-0.149694,167.108,-3.77789,-178.144,0.243103,0.307472,-0.202125,167.108,-3.77789,-178.144,-0.227965,0.328213,0.0724282,-12.2063,-30.3037,7.31081,-0.134806,0.666307,-0.110423,-22.0003,-6.62022,-8.28883,0.166924,0.635124,0.0333051,167.108,-3.77789,-178.144,0.0210983,1.11246,0.108529,167.701,-3.97942,-177.951,-0.0778498,0.953846,-0.191325,
 ,-41.2601,-35.6292,87.9175,-0.0590832,-0.21691,-0.129554,-16.2831,14.5023,-86.6121,0.0377365,-0.175334,-0.125636,167.024,-2.56439,-178.608,0.246211,0.299849,-0.202008,167.024,-2.56439,-178.608,-0.225259,0.321421,0.0639187,-11.1888,-30.3323,7.31741,-0.137569,0.666888,-0.098572,-22.5496,-7.05914,-7.62995,0.171336,0.634046,0.0372753,167.024,-2.56439,-178.608,0.0245044,1.11114,0.119736,167.024,-2.56439,-178.608,-0.0765196,0.972272,-0.194626,
 ,-37.6197,-36.5083,88.6803,-0.0541763,-0.208786,-0.129703,-22.0133,12.2435,-87.0541,0.0438547,-0.176856,-0.109294,168.35,1.57548,-179.453,0.253266,0.303679,-0.16724,168.35,1.57548,-179.453,-0.216166,0.335712,-0.000851766,-1.65741,-30.3413,7.10017,-0.190887,0.663309,-0.0250614,-16.5565,-7.03071,-8.0367,0.178137,0.639664,0.0640911,168.35,1.57548,-179.453,0.0429593,1.1008,0.190041,168.35,1.57548,-179.453,-0.0543532,0.971359,-0.143476,
 ,-31.1984,-43.5217,88.3209,-0.0485523,-0.196873,-0.162596,-27.2292,14.9131,-88.5741,0.0450076,-0.178304,-0.105126,170.18,4.39768,-178.694,0.265431,0.314009,-0.126421,170.18,4.39768,-178.694,-0.210706,0.332297,-0.0652587,12.7442,-27.6333,2.99842,-0.259284,0.635529,0.111154,-9.82502,-5.64636,-8.90415,0.156925,0.641408,0.0959452,170.18,4.39768,-178.694,0.0848584,1.07713,0.247174,170.18,4.39768,-178.694,-0.030383,0.974709,-0.0958841,
 ,-21.4985,-40.1762,87.3753,-0.0379283,-0.178326,-0.165787,-28.0836,23.6261,-90.529,0.0681768,-0.17987,-0.132239,174.197,2.39008,-178.293,0.24875,0.323096,-0.0760401,174.197,2.39008,-178.293,-0.221233,0.354719,-0.102287,26.3393,19.0778,3.97284,-0.0869343,0.567071,0.371042,-10.4579,-5.60736,-9.122,0.158446,0.648441,0.0932961,174.197,2.39008,-178.293,0.0960454,1.03991,0.249289,167.964,4.58392,-179.048,-0.0240273,0.976443,-0.0662389,
 ,-26.8857,-35.4069,89.7835,-0.0181936,-0.183995,-0.159194,-32.6199,25.1304,-83.8659,0.0623284,-0.208778,-0.0988782,174.373,4.8964,176.699,0.267515,0.29011,-0.0734804,174.373,4.8964,176.699,-0.232409,0.307492,-0.18843,34.8066,13.2479,9.69626,-0.103073,0.414798,0.472745,-9.99045,-6.03741,-7.85448,0.192356,0.656532,-0.00894933,174.373,4.8964,176.699,0.112614,0.919327,0.178277,172.83,3.51749,177.458,0.0067124,1.0817,-0.0422019,
 ,-23.5186,-35.4574,88.8133,-0.0182076,-0.180596,-0.177854,-33.0902,35.7851,-85.0826,0.0581429,-0.211422,-0.128164,175.203,5.13419,176.13,0.280305,0.286659,-0.0418139,175.203,5.13419,176.13,-0.23286,0.296171,-0.21602,21.6622,7.55077,8.25709,-0.122851,0.484884,0.384137,2.32878,-6.14131,-6.77222,0.180676,0.662715,0.0696704,175.203,5.13419,176.13,0.110093,0.927681,0.0430253,175.203,5.13419,176.13,-0.018581,0.942455,0.048018,
 ,-20.5503,-34.9754,86.9925,-0.0245464,-0.181049,-0.178576,-35.0433,34.1202,-84.5358,0.0614592,-0.21559,-0.122231,174.585,5.56426,175.796,0.289499,0.286631,-0.0229339,174.585,5.56426,175.796,-0.233057,0.292859,-0.226292,12.3611,5.80985,7.5976,-0.128375,0.557226,0.30958,1.8659,-6.15601,-6.97167,0.185304,0.663835,0.0517072,174.585,5.56426,175.796,0.106368,1.00396,0.00327707,174.585,5.56426,175.796,-0.0160638,0.935201,0.0671396,
 ,-17.0459,-21.5231,83.3055,-0.0651892,-0.189763,-0.150139,-35.7618,31.5783,-83.0275,0.0788038,-0.219837,-0.104779,171.576,2.37931,174.187,0.303535,0.317401,0.0141732,171.576,2.37931,174.187,-0.240698,0.312904,-0.214954,-24.891,8.79078,12.3505,-0.188394,0.627112,-0.0362271,7.61844,-6.67346,-5.72645,0.17987,0.654986,0.143212,171.576,2.37931,174.187,0.0693321,1.0381,-0.27854,171.576,2.37931,174.187,-0.00975522,0.958715,0.131951,
 ,-13.4861,-22.6922,81.5289,0.0209749,-0.19126,-0.159074,-30.4025,50.9622,-85.5662,0.00613071,-0.200193,-0.157254,175.919,-0.712662,175.837,0.293019,0.239592,0.0118384,175.919,-0.712662,175.837,-0.248026,0.244504,-0.191348,-26.6302,9.03556,12.4297,-0.190285,0.576901,-0.100332,10.7957,-7.1272,-5.50993,0.182085,0.65153,0.154966,175.919,-0.712662,175.837,0.020274,0.989569,-0.308026,172.147,-1.43823,174.914,-0.0212576,0.951368,0.171571,
 ,-18.9731,-18.5037,81.0744,-0.0558146,-0.198633,-0.14745,-34.4308,35.8819,-89.9646,0.0663918,-0.198262,-0.137232,171.459,-0.965676,178.346,0.293587,0.312774,-0.00256565,171.459,-0.965676,178.346,-0.234466,0.333197,-0.159997,11.6706,-22.3098,-10.1204,-0.0558491,0.690032,0.0731207,11.2964,-6.39769,-6.29646,0.153188,0.645695,0.116729,171.459,-0.965676,178.346,0.241559,1.08329,0.223244,171.459,-0.965676,178.346,-0.0138033,1.04885,0.259758,
 ,-17.7308,-23.3326,82.1571,-0.02828,-0.194593,-0.144836,-25.1419,32.9322,-88.0043,0.0509726,-0.196279,-0.134976,175.998,-1.52584,179.399,0.276892,0.290844,-0.0386607,175.998,-1.52584,179.399,-0.248116,0.323326,-0.117353,-17.4828,8.20685,13.3969,-0.221372,0.635254,-0.034263,15.9491,-6.36266,-6.60169,0.150757,0.609881,0.165203,175.998,-1.52584,179.399,-0.0319088,1.06924,-0.225065,171.438,-1.80715,178.901,-0.019188,1.02525,0.291934,
 ,-27.3386,-15.7903,81.6731,-0.0524545,-0.201824,-0.0977807,-26.3605,44.8994,-92.4175,0.0207663,-0.170198,-0.178448,172.959,-4.8695,-179.173,0.254777,0.309277,-0.107657,172.959,-4.8695,-179.173,-0.248329,0.301818,-0.0700299,-20.6445,8.109,18.632,-0.323077,0.59444,-0.104715,31.3474,-6.14615,-6.86242,0.144711,0.590653,0.282118,172.959,-4.8695,-179.173,-0.0665823,1.07339,-0.152919,174.201,-3.88759,-179.728,-0.0479184,0.892699,0.333082,
 ,-26.2908,-21.4735,82.4906,-0.02674,-0.203191,-0.0984479,-21.0373,44.9575,-90.2152,-0.0152413,-0.16432,-0.176535,175.327,-6.806,-179.091,0.244078,0.278995,-0.136868,175.327,-6.806,-179.091,-0.250808,0.261004,-0.0388938,-12.8073,7.86344,16.8484,-0.297347,0.599711,-0.0522618,39.5705,-8.70547,-4.38271,0.0963141,0.529435,0.400147,175.327,-6.806,-179.091,-0.0316461,1.01601,-0.0905381,175.327,-6.806,-179.091,-0.0755459,0.842239,0.286152,
 ,-32.8635,-28.4944,87.5125,-0.0640091,-0.200113,-0.116393,-19.4578,36.4082,-87.3891,0.00307476,-0.176484,-0.170868,175.452,-9.18752,-178.722,0.208159,0.314529,-0.204521,175.452,-9.18752,-178.722,-0.264166,0.269328,-0.00613422,49.6163,-2.77604,1.04206,-0.116012,0.472897,0.485621,49.5958,-2.77337,1.0377,0.0937795,0.477255,0.496379,-179.905,-9.57058,-179.769,0.133449,0.96603,0.358663,-179.927,-9.56896,-179.764,-0.0964338,0.827052,0.232298,
 ,-33.1604,-29.8988,87.9042,-0.104388,-0.19769,-0.0918193,-18.482,41.2336,-87.3271,0.0544759,-0.161881,-0.186136,171.977,-8.25094,-178.963,0.193645,0.34975,-0.222388,171.977,-8.25094,-178.963,-0.265692,0.334244,-0.0022869,-2.00619,7.82609,10.315,-0.178812,0.681329,0.0189635,22.8933,-16.2175,-7.71097,0.103115,0.431293,0.352199,171.977,-8.25094,-178.963,0.00258267,0.964447,0.0813661,175.597,-8.35355,-179.109,-0.0933009,0.885615,0.0872363,
 ,-36.0429,-58.045,96.2946,-0.0777707,-0.13792,-0.147532,-17.7719,40.1031,-88.411,0.0204181,-0.156287,-0.178307,171.934,-6.79735,-177.88,0.140044,0.347124,-0.204764,171.934,-6.79735,-177.88,-0.253582,0.304605,0.00553679,5.41182,7.40023,8.60299,-0.163462,0.661962,0.108575,6.74214,-16.5655,-7.36337,0.121196,0.53789,0.284454,171.934,-6.79735,-177.88,0.013673,0.952482,0.115082,172,-7.87492,-178.466,-0.107283,1.00066,-0.00775739,
 ,-109.119,-80.5251,179.732,-0.0519935,-0.019506,-0.16889,-10.1593,34.8598,-88.4911,0.0152549,-0.168156,-0.171113,176.861,-5.14709,179.899,0.0984076,0.353019,-0.132918,176.861,-5.14709,179.899,-0.240627,0.304745,0.0242509,12.8711,6.47197,10.6107,-0.165507,0.656606,0.0945738,-4.7958,-16.6081,-1.1269,0.0702045,0.652383,0.152491,176.861,-5.14709,179.899,0.0251767,0.896711,0.157889,174.756,-6.34414,-178.833,-0.111587,1.01175,-0.141487,
 ,-178.79,-64.8618,-111.163,-0.0540059,0.0383457,-0.16404,-17.5371,36.0585,-88.6442,0.0190045,-0.172005,-0.163469,172.432,-5.22984,-179.375,0.0963311,0.362488,-0.107968,172.432,-5.22984,-179.375,-0.246132,0.307645,-0.00547526,14.5745,6.42233,9.41502,-0.151476,0.648947,0.15783,-11.7562,-16.5292,-2.68349,0.0892407,0.656631,0.109046,172.432,-5.22984,-179.375,0.0237196,0.93309,0.207663,172.432,-5.22984,-179.375,-0.0975152,0.981608,-0.157291,
 ,174.647,-44.8776,-103.515,-0.0517757,0.0847795,-0.135607,-20.184,34.2705,-86.3791,0.037254,-0.172823,-0.158118,171.261,-1.19384,179.02,0.100824,0.363316,-0.0761807,171.261,-1.19384,179.02,-0.244358,0.325336,-0.0377317,21.7239,5.26209,8.43539,-0.127257,0.626582,0.241083,-13.6035,-17.103,-2.6448,0.106254,0.660881,0.0776682,171.261,-1.19384,179.02,0.0361897,0.909279,0.255164,172,-2.34345,179.515,-0.0796493,0.960345,-0.147086,
 ,172.771,-29.075,-100.216,-0.0521717,0.114172,-0.103974,-23.4766,35.3546,-91.2149,0.037426,-0.182406,-0.155382,171.078,2.78799,178.08,0.109272,0.363298,-0.0509851,171.078,2.78799,178.08,-0.218301,0.341727,-0.0718555,27.7925,4.71928,7.31418,-0.115173,0.597267,0.314942,-13.499,-17.9557,-8.09525,0.19971,0.656432,0.0599246,171.837,1.67608,178.348,0.0449812,0.910614,0.274146,171.834,1.68117,178.346,-0.0267115,1.08672,-0.146089,
 ,-175.9,-54.2629,-114.876,-0.0720101,0.0629936,-0.172057,-25.3937,52.8001,-90.8173,0.0585898,-0.165948,-0.192757,174.682,4.80721,176.737,0.114132,0.378694,-0.110852,174.682,4.80721,176.737,-0.219336,0.34554,-0.154229,34.6297,-2.34221,3.61856,-0.125124,0.589666,0.353676,-5.80312,-18.5569,-4.78073,0.173994,0.593944,0.0165982,174.682,4.80721,176.737,0.089984,0.81501,0.225213,177.14,4.6741,176.89,-0.0379714,0.972628,-0.0433738,
 ,-175.9,-54.2629,-114.876,-0.0720101,0.0629936,-0.172057,-25.3937,52.8001,-90.8173,0.0585898,-0.165948,-0.192757,174.682,4.80721,176.737,0.114132,0.378694,-0.110852,174.682,4.80721,176.737,-0.219336,0.34554,-0.154229,34.6297,-2.34221,3.61856,-0.125124,0.589666,0.353676,-6.26848,-18.5338,-4.7252,0.171523,0.675616,0.01044,174.682,4.80721,176.737,0.089984,0.81501,0.225213,174.682,4.80721,176.737,-0.0403923,0.935511,-0.00312995,
 ,-27.5305,-45.6132,88.0823,-0.0339615,-0.170591,-0.178533,-34.9431,38.6169,-85.5451,0.0593489,-0.213941,-0.138329,171.887,6.29364,176.965,0.280994,0.289047,-0.083556,171.887,6.29364,176.965,-0.236711,0.29604,-0.219526,22.6027,14.0604,13.1462,-0.126448,0.410492,0.40563,0.343068,-18.4357,-6.0825,0.156133,0.668865,0.0749828,172.315,6.62181,176.64,0.0849396,0.910814,0.0649794,172.308,6.6169,176.645,-0.0311966,0.941226,0.069217,
 ,-20.6967,-22.4818,79.3832,-0.0526274,-0.207336,-0.145392,-35.9275,40.7797,-85.8863,0.0655919,-0.214944,-0.140052,170.549,4.88354,177.276,0.318436,0.289028,-0.00197287,170.549,4.88354,177.276,-0.241535,0.299756,-0.222976,-22.4684,18.1675,10.2569,-0.1986,0.628301,0.0166919,5.15115,-18.2187,-8.09291,0.161252,0.66208,0.109437,170.549,4.88354,177.276,0.0834992,1.04075,-0.253115,171.169,5.22958,177.093,-0.0284016,0.926481,0.126486,
 ,-20.0582,-23.0771,80.67,-0.0558863,-0.202665,-0.15283,-35.7578,42.1692,-86.3343,0.0626208,-0.213275,-0.14775,170.579,4.29701,177.553,0.310796,0.3061,0.0027162,170.579,4.29701,177.553,-0.245902,0.299359,-0.21735,-27.1995,18.5317,10.1204,-0.210683,0.625609,-0.0305856,7.51162,-18.0265,-8.54684,0.156695,0.659276,0.129241,170.579,4.29701,177.553,0.0771338,1.03483,-0.293206,170.579,4.29701,177.553,-0.0254596,0.952347,0.161084,
 ,-21.1516,-21.397,81.9441,-0.0269611,-0.199341,-0.138615,-31.7827,39.0099,-84.6273,0.0428547,-0.210764,-0.143698,171.211,2.50207,178.779,0.283469,0.28809,-0.0108641,171.211,2.50207,178.779,-0.264894,0.282427,-0.173341,-25.1382,18.0349,12.5866,-0.210799,0.621828,0.00305917,10.2559,-17.6726,-7.52042,0.130453,0.662375,0.12433,170.536,3.46114,178.566,0.0214628,1.0356,-0.302464,170.544,3.44907,178.569,-0.0169654,1.05015,0.244847,
 ,-20.6824,-15.6305,83.0557,-0.0202783,-0.192216,-0.12064,-21.2942,51.4951,-84.6773,0.0155324,-0.178166,-0.202983,175.323,-4.01077,179.641,0.252096,0.290495,-0.0446177,175.323,-4.01077,179.641,-0.292449,0.265294,-0.0942462,30.7721,-16.2953,-3.00795,-0.148483,0.627312,0.243546,31.3099,-16.5515,-3.40614,0.0542458,0.614662,0.304919,175.323,-4.01077,179.641,0.160522,1.02643,0.362606,175.323,-4.01077,179.641,-0.0504001,0.987512,0.358436,
 ,-21.9176,-21.9105,85.3446,-0.0256086,-0.188905,-0.120116,-12.8314,44.7572,-80.8618,0.00690346,-0.176976,-0.19697,176.715,-4.19606,179.849,0.238927,0.299219,-0.0855848,176.715,-4.19606,179.849,-0.298771,0.256555,-0.0374548,-9.28299,17.3584,22.6512,-0.345416,0.593875,0.0357168,38.5594,-16.372,-3.74392,0.0476076,0.582338,0.3655,176.715,-4.19606,179.849,-0.0728685,1.07115,-0.164999,176.715,-4.19606,179.849,-0.0683289,0.88434,0.323502,
 ,-30.5386,-31.7576,88.8176,-0.0296365,-0.193928,-0.139229,-13.0339,40.5253,-82.2701,0.013303,-0.177246,-0.198624,177.003,-5.53433,-179.244,0.225569,0.294987,-0.160685,177.003,-5.53433,-179.244,-0.299263,0.268897,-0.00917285,-11.6093,17.4812,20.5977,-0.338212,0.597079,-0.0408991,42.1527,-11.4296,-4.55768,0.0859678,0.556663,0.399919,176.936,-4.55604,-179.683,-0.0740416,1.07838,-0.132016,176.936,-4.5605,-179.681,-0.0855097,0.81976,0.284206,
 ,-37.4119,-37.3608,87.6217,-0.0412361,-0.211916,-0.119486,-18.0448,34.3355,-86.0541,-0.00367736,-0.179611,-0.178182,175.393,-4.88319,-178.354,0.225425,0.26105,-0.234705,175.393,-4.88319,-178.354,-0.27417,0.267141,-0.00713929,-7.12284,17.3648,13.1714,-0.256936,0.637766,-0.0374561,33.8393,-1.80334,-1.05035,0.104619,0.447405,0.415625,175.393,-4.88319,-178.354,-0.0390345,1.10565,-0.0107411,175.944,-6.29464,-178.367,-0.113676,0.828054,0.13468,
 ,-40.8833,-31.8766,87.0195,-0.0775361,-0.216182,-0.0939525,-23.1361,25.5096,-86.2672,0.0152663,-0.188742,-0.146233,172.57,-3.89825,-177.705,0.221434,0.287976,-0.254039,172.57,-3.89825,-177.705,-0.264697,0.284347,-0.021822,-1.7928,17.1702,9.52769,-0.18682,0.666068,0.0569992,20.4132,-4.11143,-4.04313,0.113993,0.514512,0.373188,172.57,-3.89825,-177.705,-0.0140646,1.07529,0.0521196,172.676,-4.8116,-177.698,-0.117442,0.850537,0.0407693,
 ,-38.4844,-30.6079,92.0845,-0.0718526,-0.213384,-0.092342,-17.6333,29.6042,-88.3299,0.0368929,-0.19021,-0.156261,179.822,-3.12011,-179.703,0.203563,0.282804,-0.262491,179.822,-3.12011,-179.703,-0.255709,0.322912,-0.0492801,14.9549,15.1408,10.8287,-0.140482,0.658891,0.117024,6.18873,-4.4113,-1.57597,0.118152,0.641997,0.220617,179.822,-3.12011,-179.703,0.00325752,0.905645,0.119441,178.58,-2.49799,-178.94,-0.131915,0.85921,-0.0944721,
 ,-37.6594,-29.0365,92.1308,-0.0477264,-0.198996,-0.0860177,-23.1565,27.1097,-85.5429,0.0466522,-0.189248,-0.125031,173.806,-2.25597,178.456,0.204293,0.287342,-0.204722,173.804,-2.25172,178.452,-0.24315,0.32496,-0.0735105,14.0266,14.842,11.6132,-0.117699,0.649686,0.148744,-20.377,-4.13194,-0.725965,0.156521,0.663609,-0.0250028,173.802,-2.24747,178.448,0.00210784,0.92429,0.169104,173.799,-2.24012,178.441,-0.12541,0.908694,-0.186388,
 ,-34.3135,-28.0333,91.5288,-0.0214067,-0.189216,-0.0879742,-20.9031,29.7007,-84.8004,0.0244178,-0.190418,-0.132162,174.309,0.236235,176.826,0.216696,0.269204,-0.160683,174.309,0.236235,176.826,-0.238555,0.308394,-0.0745863,17.7515,13.7241,10.8124,-0.0929378,0.631706,0.166797,-20.7239,-4.29427,1.74513,0.140212,0.656888,-0.0478096,174.309,0.236235,176.826,0.0106108,0.918101,0.199959,174.309,0.236235,176.826,-0.113209,0.911089,-0.180902,
 ,-31.3419,-27.1079,95.4966,-0.0549178,-0.186196,-0.106424,-22.5036,31.4877,-91.579,0.0504438,-0.211344,-0.14234,172.168,4.1472,174.974,0.221666,0.330513,-0.11011,172.168,4.1472,174.974,-0.209045,0.366036,-0.0916892,27.5492,11.202,9.60817,-0.0653391,0.61357,0.265897,-16.6845,-4.78594,1.42583,0.153479,0.662616,-0.0186142,173.459,3.29709,175.455,0.0271242,0.874521,0.255534,173.453,3.30104,175.453,-0.0947156,0.906842,-0.136359,
 ,-29.0807,-35.3072,95.5545,-0.0290514,-0.167664,-0.149437,-22.0049,36.3004,-83.0296,0.0507609,-0.19467,-0.157908,173.456,6.61545,174.313,0.237754,0.310325,-0.0672391,173.456,6.61545,174.313,-0.238436,0.330707,-0.128856,35.2634,-7.67232,5.61394,-0.139483,0.541454,0.384657,-8.71199,-6.10829,0.325642,0.169504,0.67208,0.0387956,173.456,6.61545,174.313,0.0642241,0.870138,0.257137,173.158,6.85916,174.31,-0.0792446,0.925465,-0.0706814,
 ,-29.9496,-40.6717,98.6129,-0.0012252,-0.157559,-0.160679,-25.2159,32.6684,-80.7875,0.0288463,-0.210876,-0.139893,174.337,6.04032,174.17,0.227545,0.289893,-0.0658553,174.337,6.04032,174.17,-0.252361,0.289257,-0.147377,36.18,-9.70999,4.64835,-0.140849,0.517998,0.411605,-4.72976,-6.54512,-0.810393,0.17162,0.674662,0.0283995,174.337,6.04032,174.17,0.0728028,0.858109,0.208505,174.337,6.04032,174.17,-0.0687,0.90949,-0.012478,
 ,-31.3111,-36.2989,97.5093,-0.0184199,-0.165213,-0.156528,-31.3254,42.9825,-84.3175,0.00881429,-0.20996,-0.175052,174.6,0.248274,174.243,0.223403,0.303773,-0.0972471,174.6,0.248274,174.243,-0.268276,0.26058,-0.152544,33.4008,-10.4418,4.66321,-0.141185,0.501627,0.415682,-5.32981,-6.27997,1.10232,0.130926,0.667613,0.0164817,173.844,2.43467,174.41,0.0800365,0.841276,0.148949,173.851,2.41445,174.409,-0.0590164,0.938178,0.00685424,
 ,-31.5321,-20.4326,89.1901,-0.0376428,-0.186238,-0.104203,-36.5901,38.7768,-86.2139,0.0246483,-0.2148,-0.157022,173.624,-9.7541,174.384,0.222845,0.294112,-0.148304,173.624,-9.7541,174.384,-0.281242,0.277219,-0.123384,-4.92977,-4.81417,8.65966,-0.130983,0.616879,0.169547,3.28268,-7.02326,-0.570171,0.141514,0.6669,0.110302,173.624,-9.7541,174.384,0.0389266,1.05151,-0.131198,174.029,-7.28851,174.132,-0.0426219,0.923913,0.0723215,
 ,-29.1489,-18.7354,85.6204,-0.0511387,-0.193623,-0.0957407,-33.6271,35.0703,-86.1241,0.0273737,-0.208766,-0.145521,172.343,-18.4889,176.129,0.214694,0.303702,-0.173806,172.343,-18.4889,176.129,-0.284808,0.287238,-0.0510461,-17.2673,-1.8966,-0.165895,-0.0440882,0.641649,0.084288,9.21975,-7.14275,-2.30602,0.147184,0.654198,0.182677,172.343,-18.4889,176.129,0.0290346,1.04642,-0.264564,172.948,-15.6499,175.566,-0.0332821,0.912653,0.12294,
 ,-28.1738,-23.537,85.3964,-0.051988,-0.197073,-0.110933,-32.8294,35.1101,-87.9675,0.0222578,-0.201404,-0.150057,170.698,-26.0109,177.716,0.195171,0.311262,-0.196166,170.698,-26.0109,177.716,-0.275908,0.293487,0.00413497,-23.5531,0.122547,-5.16747,-0.0202706,0.650087,0.0362726,10.2132,-6.70326,-2.25057,0.135032,0.647673,0.208288,170.698,-26.0109,177.716,0.0156076,1.03785,-0.321872,170.698,-26.0109,177.716,-0.0241969,0.911262,0.157766,
 ,-26.7642,-18.2932,80.3189,-0.0583857,-0.207156,-0.0942711,-33.0229,37.7031,-91.1915,0.0328837,-0.191319,-0.157077,166.151,-38.9604,-177.898,0.166107,0.316186,-0.226273,166.151,-38.9604,-177.898,-0.26112,0.306781,0.0761112,4.12032,-5.88079,1.20644,-0.125482,0.660198,0.139969,4.22608,-5.82856,1.2456,0.0845857,0.664563,0.162224,166.151,-38.9604,-177.898,0.151636,1.09949,0.0982901,166.151,-38.9604,-177.898,-0.0200907,1.03998,0.218341,
 ,-10.8237,-47.3007,77.5316,-0.0951495,-0.140455,-0.162332,-22.325,36.9147,-88.7001,0.0452587,-0.159996,-0.165197,167.321,-52.2959,-172.336,0.0835843,0.369617,-0.238999,167.321,-52.2959,-172.336,-0.205963,0.311084,0.169096,14.5405,-5.81251,7.61962,-0.20278,0.625606,0.206695,7.43525,-6.51614,5.87987,0.035008,0.676948,0.151192,167.321,-52.2959,-172.336,0.122526,1.08455,0.156762,164.592,-54.0827,-172.922,0.0171598,1.07436,0.311302,
 ,-9.69524,-58.8528,71.6551,-0.112558,-0.13209,-0.163083,-33.2287,23.7706,-93.6338,0.0663745,-0.175999,-0.142259,155.576,-55.2508,-167.44,0.0378082,0.388212,-0.246069,155.576,-55.2508,-167.44,-0.184019,0.349435,0.1678,7.51009,-4.25998,5.79993,-0.215069,0.62428,0.199301,7.50961,-4.25717,5.80109,-0.0112431,0.647328,0.215775,155.576,-55.2508,-167.44,0.145044,1.08238,0.150144,155.576,-55.2508,-167.44,0.0298927,1.0582,0.318798,
 ,6.19496,-58.8177,56.6936,-0.136298,-0.132714,-0.160326,-38.4112,27.3701,-102.149,0.0693664,-0.155127,-0.136464,120.765,-70.3379,-134.542,-0.0358865,0.415492,-0.240965,120.765,-70.3379,-134.542,-0.124045,0.353711,0.195431,-26.1897,3.75405,-17.0476,-0.0264951,0.673026,-0.0623366,10.046,26.3939,0.026536,0.108153,0.580531,0.2748,120.765,-70.3379,-134.542,-0.0877581,1.10116,-0.108254,120.765,-70.3379,-134.542,0.112794,1.02046,0.261738,
 ,10.4975,-51.9669,54.5204,-0.147987,-0.145506,-0.155023,-40.8197,34.1442,-109.348,0.0560741,-0.138309,-0.138091,77.9555,-72.1891,-90.8184,-0.0733359,0.428329,-0.235211,77.9555,-72.1891,-90.8184,-0.0853238,0.342759,0.20164,10.7386,27.2015,-6.13711,-0.0409421,0.571823,0.382404,10.9589,25.8451,-2.3496,0.118256,0.558757,0.298399,77.9555,-72.1891,-90.8184,0.151601,1.06998,0.0218924,100.33,-73.1122,-113.944,0.130142,1.01082,0.233309,
 ,10.4975,-51.9669,54.5204,-0.147987,-0.145506,-0.155023,-40.8197,34.1442,-109.348,0.0560741,-0.138309,-0.138091,77.9555,-72.1891,-90.8184,-0.0733359,0.428329,-0.235211,77.9555,-72.1891,-90.8184,-0.0853238,0.342759,0.20164,10.7386,27.2015,-6.13711,-0.0409421,0.571823,0.382404,10.7386,27.2087,-6.13163,0.126883,0.553459,0.295887,77.9555,-72.1891,-90.8184,0.151601,1.06998,0.0218924,77.9555,-72.1891,-90.8184,0.149386,1.00975,0.20207,
 ,4.62558,-47.8832,66.4793,-0.124402,-0.15249,-0.125476,-41.4234,41.9018,-110.664,0.012528,-0.138908,-0.171819,18.8277,-64.6777,-32.0887,-0.128098,0.412048,-0.176872,18.8277,-64.6777,-32.0887,0.00579799,0.31562,0.219536,-15.7418,7.92392,-1.78572,-0.224341,0.660765,-0.0548502,11.3225,16.9056,-9.17618,0.149733,0.600741,0.231749,18.8277,-64.6777,-32.0887,-0.0024985,1.00492,-0.0171492,18.8277,-64.6777,-32.0887,0.218107,1.00163,0.0790637,
 ,-0.383785,-42.166,73.9362,-0.11023,-0.158049,-0.0998425,-39.8164,41.5107,-107.457,0.0154878,-0.147252,-0.174319,4.6257,-55.2116,-17.3912,-0.147116,0.400519,-0.140273,4.6257,-55.2116,-17.3912,0.0414373,0.322937,0.220708,-15.8044,8.21512,-0.344289,-0.168634,0.670711,-0.0628372,11.3813,14.5095,-7.38893,0.164794,0.622475,0.201507,4.6257,-55.2116,-17.3912,-0.00983254,0.960655,0.00686553,4.6257,-55.2116,-17.3912,0.224171,0.981082,0.0387918,
 ,-2.73666,-36.6061,78.079,-0.10175,-0.162439,-0.0807941,-39.4465,43.8254,-108.045,0.00800408,-0.144195,-0.192086,-0.63327,-46.2894,-11.5274,-0.158371,0.394122,-0.111309,-0.63327,-46.2894,-11.5274,0.0860004,0.325614,0.205688,-12.2518,8.57052,2.83724,-0.186754,0.667631,-0.0192697,8.90134,14.0863,-6.92476,0.156962,0.642118,0.152276,1.46901,-49.407,-13.6614,-0.00342823,0.956285,0.0177297,1.46697,-49.4042,-13.6594,0.215106,0.975114,0.018366,
 ,-7.0327,-27.729,82.6548,-0.0925507,-0.168338,-0.0449738,-31.5848,42.1369,-100.379,0.0124196,-0.153978,-0.186119,-6.45171,-34.1454,-6.47101,-0.170076,0.386884,-0.0659011,-6.45171,-34.1454,-6.47101,0.155698,0.323732,0.172738,-13.9332,8.30004,0.812429,-0.120907,0.674927,-0.0237641,8.191,12.081,-14.3224,0.283034,0.609562,0.144207,-6.45171,-34.1454,-6.47101,-0.0180485,1.10112,0.0297425,-5.19887,-36.9545,-7.27259,0.191161,1.06645,-0.0952925,
 ,-7.83886,-25.5734,84.1996,-0.0886817,-0.166327,-0.0365801,-28.6517,42.0669,-98.2754,0.0179198,-0.154627,-0.18299,-7.50716,-31.3582,-4.90287,-0.168795,0.383463,-0.0552281,-7.50716,-31.3582,-4.90287,0.167979,0.328499,0.158798,-13.5623,8.26856,1.68891,-0.122155,0.673257,-0.0158269,3.73394,11.8561,-10.6624,0.247034,0.637638,0.0890597,-7.50716,-31.3582,-4.90287,-0.0250498,1.10842,0.030337,-7.50716,-31.3582,-4.90287,0.177372,1.08694,-0.0896286,
 ,-15.4035,-20.3935,83.7679,-0.0750859,-0.18809,-0.0938494,-20.9641,35.712,-92.8853,0.0290486,-0.159575,-0.178451,-10.1265,-25.5507,-0.508721,-0.228106,0.345936,-0.0852571,-10.7452,-25.6535,-1.88577,0.189141,0.352448,0.112828,-15.2989,8.19919,3.22408,-0.128561,0.66799,-0.0186516,-0.999581,11.5082,-9.13754,0.248008,0.646476,0.0348822,-10.7424,-25.653,-1.87952,-0.0463441,1.1113,0.0271669,-10.74,-25.6526,-1.87422,0.154465,1.09717,-0.0981116,
 ,-16.1029,-21.7676,85.3803,-0.0650283,-0.207383,-0.117451,-15.8827,28.6814,-88.0765,0.0483501,-0.168838,-0.159326,-11.016,-21.0838,2.0663,-0.260399,0.334585,-0.0861857,-11.016,-21.0838,2.0663,0.214809,0.358482,0.0626108,-12.2836,7.95686,6.21426,-0.151384,0.660772,0.0266396,0.255674,10.9687,-5.97184,0.234011,0.651447,0.0602208,-11.016,-21.0838,2.0663,-0.0892515,1.10557,0.030842,-10.8352,-21.7186,1.29548,0.122422,1.10609,-0.0842868,
 ,-18.2246,-21.7544,85.7009,-0.0750409,-0.204288,-0.12022,-17.2609,29.3261,-87.9216,0.0545972,-0.172613,-0.16458,-13.328,-19.4642,3.11054,-0.265012,0.340482,-0.0823944,-13.328,-19.4642,3.11054,0.218275,0.368054,0.0540715,-14.8871,8.10076,6.2453,-0.153428,0.657936,0.0180367,-7.13471,11.8537,-5.10536,0.213205,0.660526,-0.0119014,-13.328,-19.4642,3.11054,-0.107788,1.10107,0.0289143,-13.328,-19.4642,3.11054,0.0838165,1.114,-0.063907,
 ,-18.1827,-22.2313,86.5961,-0.067046,-0.209826,-0.122483,-17.7557,29.8684,-89.0204,0.0526561,-0.177573,-0.162107,-14.08,-18.1942,3.16453,-0.265511,0.333894,-0.0822945,-14.08,-18.1942,3.16453,0.216143,0.369244,0.0499414,-16.8938,8.31425,5.94021,-0.158504,0.657365,0.00108838,-7.4565,11.8676,-5.00898,0.212501,0.65935,-0.00107126,-14.08,-18.1942,3.16453,-0.117976,1.10001,0.0327656,-14.08,-18.1942,3.16453,0.0795655,1.11312,-0.0649025,
 ,-20.1041,-22.4735,87.8855,-0.0559609,-0.208829,-0.11371,-18.1633,38.6362,-88.0847,0.0625634,-0.170659,-0.191445,-16.1461,-15.2362,4.86661,-0.269123,0.324833,-0.0618017,-16.1461,-15.2362,4.86661,0.227997,0.374855,0.0465557,-17.5996,8.66808,4.32886,-0.159154,0.653605,0.0390643,-7.14642,11.6952,-5.35038,0.215109,0.650719,0.0478839,-16.1461,-15.2362,4.86661,-0.185866,1.08775,0.0317076,-16.1461,-15.2362,4.86661,0.0304678,1.10801,-0.0737882,
 ,-21.4655,-22.7131,89.0432,-0.0488245,-0.209285,-0.112316,-18.4634,39.0886,-87.4635,0.0712276,-0.173121,-0.191941,-18.2169,-14.1665,5.4438,-0.265687,0.320111,-0.0602263,-18.2169,-14.1665,5.4438,0.231315,0.383101,0.0382788,-16.3923,8.32978,2.26221,-0.123654,0.650034,0.0837529,-10.9892,12.0343,-4.21981,0.199559,0.656024,0.0148867,-18.2169,-14.1665,5.4438,-0.201303,1.07927,0.012792,-18.2169,-14.1665,5.4438,0.0287277,1.10979,-0.069544,
 ,-21.013,-22.7656,88.214,-0.0477883,-0.209342,-0.108678,-21.5644,38.7599,-88.4519,0.0664159,-0.176349,-0.193856,-19.3946,-10.597,4.53397,-0.265822,0.319382,-0.0504484,-19.3946,-10.597,4.53397,0.23657,0.379282,0.0282971,-17.1447,8.73149,-0.203958,-0.105084,0.655208,0.078033,-12.4382,12.2596,-5.00802,0.202116,0.651695,0.0170922,-19.3946,-10.597,4.53397,-0.206908,1.08158,-0.00466064,-19.0071,-12.014,4.76448,0.0242796,1.10656,-0.0644786,
 ,-20.9263,-23.3651,86.415,-0.0491845,-0.212047,-0.106166,-23.0906,36.1719,-88.4432,0.0715222,-0.182327,-0.17353,-21.8339,-7.11523,2.61064,-0.267979,0.32127,-0.0418693,-21.8339,-7.11523,2.61064,0.241123,0.374881,0.0134207,-21.5817,9.19584,-0.625565,-0.123381,0.657738,0.0336522,-14.8527,12.5651,-5.17753,0.194657,0.646801,0.0238747,-21.8339,-7.11523,2.61064,-0.188464,1.08715,-0.0104855,-21.8339,-7.11523,2.61064,0.0488733,1.09879,-0.07798,
 ,-24.3527,-24.3393,87.3346,-0.0491421,-0.215178,-0.0999499,-25.0768,40.0083,-89.758,0.0545388,-0.179106,-0.177332,-26.5416,-4.94482,1.21378,-0.257129,0.331255,-0.0303617,-26.5416,-4.94482,1.21378,0.246387,0.356208,-0.00683325,-26.1717,9.11665,-0.584026,-0.136593,0.646685,0.0308692,-16.4,12.682,-5.06224,0.186204,0.637249,0.0512561,-26.5416,-4.94482,1.21378,-0.173031,1.0801,-0.0128911,-24.6761,-5.18447,1.19697,0.0619916,1.08799,-0.0800278,
 ,-27.3705,-25.3455,88.1592,-0.0590432,-0.221024,-0.0907506,-26.9719,40.4164,-90.3346,0.0688309,-0.182762,-0.172297,-32.426,-4.58126,0.300133,-0.248806,0.34835,-0.0332343,-32.426,-4.58126,0.300133,0.250427,0.365804,-0.0288654,-32.2641,8.48797,-1.25898,-0.128186,0.633421,0.0198726,-20.9354,12.5035,-4.16394,0.178095,0.630557,0.0454321,-32.426,-4.58126,0.300133,-0.157629,1.06786,-0.0179472,-28.7414,-4.99344,1.14551,0.0729523,1.07955,-0.073095,
 ,-23.6405,-25.0461,82.3395,-0.0634254,-0.218371,-0.0749937,-25.5391,41.0293,-90.383,0.0551078,-0.189573,-0.143665,-41.1974,-2.02589,-2.5133,-0.254627,0.337935,-0.0666417,-41.1974,-2.02589,-2.5133,0.253154,0.333751,-0.0731053,-45.7542,7.90164,-3.22545,-0.142485,0.611356,-0.0551568,-35.8482,13.868,-4.95807,0.14473,0.608525,-0.0190898,-41.1974,-2.02589,-2.5133,-0.145792,1.05044,-0.00621868,-39.1673,-2.55392,-2.1772,0.0996262,1.05001,-0.0640897,
 ,-25.414,-25.6766,84.485,-0.0576136,-0.223445,-0.063941,-29.378,42.9321,-91.6633,0.0405194,-0.202937,-0.147515,-50.14,-0.941352,-2.55835,-0.242676,0.334963,-0.0944205,-50.14,-0.941352,-2.55835,0.25791,0.318679,-0.0959596,-53.501,6.51049,-1.71768,-0.145834,0.575205,-0.0441435,-45.5911,13.3794,-4.35688,0.133567,0.581689,-0.0380019,-50.14,-0.941352,-2.55835,-0.124626,1.01719,-0.00738454,-48.0952,-1.34265,-2.86813,0.115805,1.02053,-0.0673874,
 ,-26.5998,-26.0843,86.4997,-0.0470974,-0.226226,-0.0662054,-28.2135,42.8738,-90.7451,0.0409559,-0.202879,-0.142946,-52.1548,-0.846892,-2.0377,-0.237836,0.327652,-0.101826,-52.1548,-0.846892,-2.0377,0.255685,0.315148,-0.10715,-55.8604,5.8507,-1.18718,-0.140542,0.565825,-0.0460271,-50.4485,12.5959,-3.72225,0.142876,0.566214,-0.0493532,-52.1548,-0.846892,-2.0377,-0.120047,1.00779,0.00028614,-52.1548,-0.846892,-2.0377,0.123029,1.00648,-0.0601161,
 ,-26.0719,-25.8027,86.3242,-0.0511662,-0.224843,-0.0624441,-27.9295,42.7472,-90.6252,0.0471871,-0.202534,-0.14009,-54.5402,-0.824912,-2.18496,-0.235357,0.326702,-0.117512,-54.5402,-0.824912,-2.18496,0.255139,0.314132,-0.122622,-58.1921,5.5263,-0.949035,-0.139635,0.553741,-0.0406542,-53.2131,12.4754,-3.99054,0.147399,0.555059,-0.0525975,-54.5402,-0.824912,-2.18496,-0.113609,0.996146,0.00546779,-54.5402,-0.824912,-2.18496,0.126322,0.996016,-0.0564378,
 ,-28.3824,-25.8426,93.7838,-0.0364276,-0.228029,-0.0750824,-31.1242,42.6183,-92.273,0.0549148,-0.200755,-0.147951,-64.4565,-0.235208,-2.64271,-0.203089,0.304193,-0.188214,-64.4565,-0.235208,-2.64271,0.252324,0.29945,-0.18248,-59.3172,10.1985,0.929092,-0.140039,0.474681,0.102496,-57.1635,-10.6215,-5.62021,0.150042,0.486608,0.0853163,-63.6387,-0.465575,-2.70776,-0.0979455,0.92357,0.00843956,-63.6421,-0.464605,-2.70748,0.117936,0.932625,-0.0323062,
 ,-27.1327,-25.394,93.0097,-0.0404319,-0.225788,-0.0737156,-34.3766,53.3578,-95.9702,0.0397101,-0.173232,-0.1974,-65.2392,-0.0391698,-2.63179,-0.205636,0.29863,-0.198121,-65.2392,-0.0391698,-2.63179,0.253896,0.288243,-0.187878,-57.6605,7.55989,-0.284749,-0.129018,0.440725,0.147973,-54.5968,-8.69928,-5.73799,0.144548,0.451095,0.14209,-65.2392,-0.0391698,-2.63179,-0.110808,0.893265,0.012128,-65.2392,-0.0391698,-2.63179,0.117447,0.90326,-0.0360511,
 ,-27.867,-53.4988,100.332,-0.00157401,-0.136854,-0.214931,-41.2908,52.6201,-107.95,-0.0102165,-0.148475,-0.243225,-61.501,0.445368,-2.52593,-0.212299,0.240479,-0.227265,-61.501,0.445368,-2.52593,0.235001,0.25283,-0.211264,-55.3901,9.09584,-0.744181,-0.131824,0.375004,0.170647,-48.9859,-5.17333,-6.57692,0.136524,0.354878,0.191184,-61.501,0.445368,-2.52593,-0.130697,0.82873,0.0601026,-61.501,0.445368,-2.52593,0.0982438,0.820764,0.0074151,
 ,-36.0869,-45.4994,104.311,0.0243402,-0.150271,-0.210918,-40.0974,39.8696,-98.8192,0.0173928,-0.181284,-0.217306,-64.1357,1.34996,-1.5233,-0.20432,0.228786,-0.218525,-64.1357,1.34996,-1.5233,0.241916,0.269172,-0.219218,-61.8787,4.52167,-1.44242,-0.119012,0.350033,0.195937,-63.1945,-5.06848,-1.77711,0.126601,0.332635,0.19831,-64.1357,1.34996,-1.5233,-0.129121,0.795569,0.156818,-64.1357,1.34996,-1.5233,0.144462,0.773983,0.172831,
 ,-38.7159,-37.7869,107.313,0.05057,-0.144893,-0.204377,-39.9399,38.4088,-98.3633,-0.000769108,-0.182085,-0.230676,-59.3465,3.0356,1.19637,-0.191973,0.214117,-0.202596,-59.3465,3.0356,1.19637,0.234258,0.274801,-0.209449,-59.0445,3.54181,1.21597,-0.119414,0.277336,0.237403,-61.0912,-2.51855,0.743395,0.112352,0.297233,0.221776,-59.3465,3.0356,1.19637,-0.121518,0.716945,0.232637,-61.2044,2.65321,0.800662,0.131042,0.736376,0.208416,
 ,-38.5357,-38.3305,107.994,0.0579703,-0.141852,-0.210447,-39.4848,37.8299,-98.0268,-0.00352237,-0.182049,-0.229041,-57.5085,2.76594,1.6417,-0.194221,0.210205,-0.199964,-57.5085,2.76594,1.6417,0.233147,0.278253,-0.200648,-59.0319,3.52455,1.21961,-0.119428,0.277105,0.237536,-59.3432,-2.5822,1.17479,0.111384,0.269001,0.239331,-59.3244,3.03244,1.20178,-0.121453,0.716604,0.232922,-59.3155,3.03117,1.20394,0.13385,0.707757,0.226181,
 ,-32.3585,-39.283,104.164,0.0499478,-0.141549,-0.232086,-32.032,38.2863,-99.0697,-0.00858404,-0.160954,-0.227952,-45.8199,2.63715,2.50104,-0.224985,0.227066,-0.181765,-45.8199,2.63715,2.50104,0.209525,0.285012,-0.1899,-45.5415,8.74079,2.52831,-0.135656,0.288396,0.291111,-42.9671,-0.744385,-0.608719,0.109204,0.344339,0.240247,-45.8199,2.63715,2.50104,-0.165842,0.726729,0.274918,-45.8199,2.63715,2.50104,0.0784073,0.797955,0.194711,
 ,-30.4059,-39.3743,100.793,0.0542286,-0.150199,-0.234881,-35.9392,38.5518,-102.745,-0.0239917,-0.156308,-0.223818,-42.6818,3.6764,3.06049,-0.2506,0.22307,-0.156024,-42.6818,3.6764,3.06049,0.185922,0.295313,-0.165327,-42.2247,12.025,3.12296,-0.143511,0.308533,0.303724,-44.0317,-0.210666,0.386699,0.104613,0.359724,0.254107,-42.6818,3.6764,3.06049,-0.186101,0.746857,0.279615,-45.4719,3.16778,1.99093,0.0956919,0.807281,0.227065,
 ,-30.1045,-39.6239,99.9393,0.0554027,-0.152814,-0.235888,-34.1632,35.4522,-96.963,-0.0136935,-0.1734,-0.205685,-37.6807,4.20827,4.65474,-0.263587,0.227024,-0.12869,-40.7653,4.25261,3.66376,0.195775,0.308955,-0.138501,-40.2536,11.9101,3.7377,-0.145197,0.299851,0.313348,-40.142,3.01147,2.96097,0.0898563,0.455176,0.210356,-40.7481,4.25251,3.66929,-0.185742,0.738186,0.291162,-40.7356,4.25243,3.67331,0.0824445,0.89701,0.198135,
 ,-36.5412,-38.8666,96.7799,0.0459872,-0.180114,-0.20513,-51.9852,42.5605,-107.323,-0.0677474,-0.180736,-0.223728,-25.6776,-1.17306,3.55343,-0.261339,0.262295,-0.0189417,-25.6776,-1.17306,3.55343,0.209087,0.3,0.0410592,-25.9322,7.2081,2.96561,-0.127133,0.212428,0.320342,-23.9575,-2.6351,0.779202,0.106244,0.181545,0.328672,-25.6776,-1.17306,3.55343,-0.179375,0.645228,0.306249,-27.8293,-0.324955,3.3753,0.0902594,0.644728,0.281304,
 ,-38.3488,-38.3329,96.11,0.0352115,-0.18655,-0.207009,-50.9371,46.378,-107.899,-0.068028,-0.177405,-0.235627,-19.841,-2.42593,2.7989,-0.266646,0.273846,0.0170536,-19.841,-2.42593,2.7989,0.221418,0.292382,0.0728077,-20.7587,6.68458,2.19846,-0.122249,0.220309,0.324773,-17.0829,-4.96353,-0.407097,0.111971,0.179291,0.348504,-19.841,-2.42593,2.7989,-0.17948,0.649698,0.315895,-22.162,-2.17695,3.35189,0.0885411,0.652098,0.286812,
 ,-35.1637,-37.8999,93.2347,0.0220623,-0.189487,-0.204043,-50.5933,46.8609,-107.999,-0.0591684,-0.176145,-0.240326,-15.2746,-3.13367,2.16982,-0.275168,0.277195,0.0317725,-16.7529,-2.92448,2.29783,0.223519,0.296423,0.0891976,-17.8927,8.19612,2.37861,-0.122988,0.224327,0.33611,-11.3172,-3.87931,-1.59229,0.114109,0.188225,0.360961,-16.7461,-2.92545,2.29725,-0.185455,0.653732,0.324644,-16.7397,-2.92636,2.29671,0.0792258,0.663785,0.298302,
 ,-35.3206,-38.2622,93.5571,0.0147856,-0.18877,-0.202947,-43.9779,45.9884,-103.047,-0.0377783,-0.176541,-0.247047,-12.6434,-5.24191,2.52249,-0.277185,0.280229,0.0400252,-12.6434,-5.24191,2.52249,0.235051,0.308109,0.0986119,-14.141,7.04989,2.68978,-0.121427,0.23547,0.356592,-7.47388,-6.17096,-2.52585,0.117669,0.19592,0.384246,-12.6434,-5.24191,2.52249,-0.194435,0.661635,0.34688,-12.6434,-5.24191,2.52249,0.0716502,0.673566,0.323919,
 ,-34.4199,-32.8632,91.0062,0.010034,-0.193988,-0.18925,-38.5832,42.0521,-97.8914,-0.0365263,-0.181436,-0.241647,-8.32666,-6.20715,2.44403,-0.280153,0.27452,0.048598,-8.32666,-6.20715,2.44403,0.246929,0.297684,0.0998002,-10.0303,6.33567,3.53585,-0.122536,0.249129,0.372653,-3.10711,-9.03527,-3.84818,0.120886,0.202993,0.405894,-8.32666,-6.20715,2.44403,-0.190101,0.675115,0.366727,-8.32666,-6.20715,2.44403,0.0749355,0.684451,0.341362,
 ,-39.3452,-29.685,92.1577,0.00251841,-0.196563,-0.174983,-38.1977,41.1832,-96.3447,-0.0330913,-0.185926,-0.241646,-8.7301,-7.32518,3.21813,-0.274589,0.276084,0.0698189,-8.7301,-7.32518,3.21813,0.248437,0.30063,0.105082,-9.87237,4.44659,4.91366,-0.126688,0.2466,0.381187,-2.77198,-10.5047,-3.64546,0.119714,0.197332,0.41247,-8.7301,-7.32518,3.21813,-0.183922,0.676386,0.373015,-8.32716,-7.06509,3.11501,0.0745916,0.681878,0.343502,
 ,-38.1265,-27.9259,90.8201,0.00586902,-0.197375,-0.175416,-34.2379,35.223,-94.6806,-0.0255269,-0.181921,-0.217446,-3.42626,-7.18283,1.79986,-0.273845,0.270643,0.082266,-3.42626,-7.18283,1.79986,0.235032,0.297461,0.104279,-4.74808,5.53411,3.46789,-0.120111,0.25193,0.406946,1.58522,-11.7533,-7.0136,0.128668,0.204093,0.437568,-3.42626,-7.18283,1.79986,-0.189291,0.681277,0.395597,-3.42626,-7.18283,1.79986,0.069681,0.689873,0.37404,
 ,-36.9307,-25.2916,88.9104,0.00433185,-0.1991,-0.162402,-34.9298,33.3057,-93.8916,-0.0262976,-0.185331,-0.212261,-2.2719,-6.54982,1.97993,-0.275215,0.26277,0.0861352,-2.2719,-6.54982,1.97993,0.234829,0.293425,0.109253,-2.37763,6.25839,4.27171,-0.122258,0.245071,0.424502,2.50693,-10.9059,-5.94591,0.124445,0.208858,0.444432,-2.2719,-6.54982,1.97993,-0.187242,0.683732,0.399458,-2.2719,-6.54982,1.97993,0.0728454,0.692673,0.38302,
 ,,,,,,,,,,,,,,,,,,,,,,,,,,,,,,,,,,,,,,,,,,,,,,,,,
 ,,,,,,,,,,,,,,,,,,,,,,,,,,,,,,,,,,,,,,,,,,,,,,,,,
 ,,,,,,,,,,,,,,,,,,,,,,,,,,,,,,,,,,,,,,,,,,,,,,,,,
 ,,,,,,,,,,,,,,,,,,,,,,,,,,,,,,,,,,,,,,,,,,,,,,,,,
 ,,,,,,,,,,,,,,,,,,,,,,,,,,,,,,,,,,,,,,,,,,,,,,,,,
 ,,,,,,,,,,,,,,,,,,,,,,,,,,,,,,,,,,,,,,,,,,,,,,,,,
 ,,,,,,,,,,,,,,,,,,,,,,,,,,,,,,,,,,,,,,,,,,,,,,,,,
 ,,,,,,,,,,,,,,,,,,,,,,,,,,,,,,,,,,,,,,,,,,,,,,,,,
 ,,,,,,,,,,,,,,,,,,,,,,,,,,,,,,,,,,,,,,,,,,,,,,,,,
 ,,,,,,,,,,,,,,,,,,,,,,,,,,,,,,,,,,,,,,,,,,,,,,,,,
 ,,,,,,,,,,,,,,,,,,,,,,,,,,,,,,,,,,,,,,,,,,,,,,,,,
 ,,,,,,,,,,,,,,,,,,,,,,,,,,,,,,,,,,,,,,,,,,,,,,,,,
 ,,,,,,,,,,,,,,,,,,,,,,,,,,,,,,,,,,,,,,,,,,,,,,,,,
 ,,,,,,,,,,,,,,,,,,,,,,,,,,,,,,,,,,,,,,,,,,,,,,,,,
 ,,,,,,,,,,,,,,,,,,,,,,,,,,,,,,,,,,,,,,,,,,,,,,,,,
 ,,,,,,,,,,,,,,,,,,,,,,,,,,,,,,,,,,,,,,,,,,,,,,,,,
 ,,,,,,,,,,,,,,,,,,,,,,,,,,,,,,,,,,,,,,,,,,,,,,,,,
 ,,,,,,,,,,,,,,,,,,,,,,,,,,,,,,,,,,,,,,,,,,,,,,,,,
 ,,,,,,,,,,,,,,,,,,,,,,,,,,,,,,,,,,,,,,,,,,,,,,,,,
 ,,,,,,,,,,,,,,,,,,,,,,,,,,,,,,,,,,,,,,,,,,,,,,,,,
 ,,,,,,,,,,,,,,,,,,,,,,,,,,,,,,,,,,,,,,,,,,,,,,,,,
 ,,,,,,,,,,,,,,,,,,,,,,,,,,,,,,,,,,,,,,,,,,,,,,,,,
 ,,,,,,,,,,,,,,,,,,,,,,,,,,,,,,,,,,,,,,,,,,,,,,,,,
 ,,,,,,,,,,,,,,,,,,,,,,,,,,,,,,,,,,,,,,,,,,,,,,,,,
 ,,,,,,,,,,,,,,,,,,,,,,,,,,,,,,,,,,,,,,,,,,,,,,,,,
 ,,,,,,,,,,,,,,,,,,,,,,,,,,,,,,,,,,,,,,,,,,,,,,,,,
 ,,,,,,,,,,,,,,,,,,,,,,,,,,,,,,,,,,,,,,,,,,,,,,,,,
