REFERENCE FRAME,left_hand_1
TARGET FRAMES, , , ,left_elbow_1 , , ,  , , ,right_elbow_1 , , ,  , , ,left_hand_1 , , ,  , , ,right_hand_1 , , ,  , , ,left_knee_1 , , ,  , , ,right_knee_1 , , ,  , , ,left_foot_1 , , ,  , , ,right_foot_1 , , , 
 ,Rotation_X, Rotation_Y, Rotation_Z, Dist_X, Dist_Y, Dist_Z,Rotation_X, Rotation_Y, Rotation_Z, Dist_X, Dist_Y, Dist_Z,Rotation_X, Rotation_Y, Rotation_Z, Dist_X, Dist_Y, Dist_Z,Rotation_X, Rotation_Y, Rotation_Z, Dist_X, Dist_Y, Dist_Z,Rotation_X, Rotation_Y, Rotation_Z, Dist_X, Dist_Y, Dist_Z,Rotation_X, Rotation_Y, Rotation_Z, Dist_X, Dist_Y, Dist_Z,Rotation_X, Rotation_Y, Rotation_Z, Dist_X, Dist_Y, Dist_Z,Rotation_X, Rotation_Y, Rotation_Z, Dist_X, Dist_Y, Dist_Z,
 ,1.23759e-310,-7.95506e-308,-7.96725e-308,6.95295e-310,6.94215e-310,1.93102e-312,-nan,nan,-nan,6.95295e-310,5.56808e-317,6.95295e-310,7.95511e-308,-7.95511e-308,-1.17761e-319,5.57979e-317,5.57969e-317,5.58157e-317,7.95511e-308,7.96749e-308,0,1.97626e-323,2.07508e-322,6.94215e-310,-7.11144e-315,1.23762e-310,-3.50768e-314,6.94215e-310,6.95295e-310,6.95295e-310,-1.23574e-310,7.95507e-308,0,6.95295e-310,6.95295e-310,1.95906e-314,-1.23764e-310,7.95511e-308,7.96747e-308,0,6.95295e-310,0,-2.98929e-319,6.6474e-308,1.23762e-310,7.1854e-315,0.1,6.95295e-310,
 ,3.73955e-15,-1.41342e-17,89.9988,0.315448,-1.17647e-06,1.27397e-06,4.49802e-15,4.49794e-15,-89.999,-0.314032,-0.277265,0.194852,0,-0,0,0,0,0,0,-0,0,0.277265,0.00140937,0.194853,-1.27222e-14,1.27222e-14,-1.41245e-30,-0.0377535,0.298784,0.151554,-6.36111e-15,1.90833e-14,-1.90833e-14,0.144417,0.299708,0.27958,0,-0,0,-0.0377499,0.762679,0.151551,0,-0,0,0.14442,0.763602,0.279578,
 ,3.73955e-15,-1.41342e-17,89.9988,0.315446,-5.15706e-07,-1.16361e-06,4.49802e-15,4.49794e-15,-89.999,-0.314298,-0.275153,0.19783,0,-0,0,0,0,0,0,-0,0,0.275154,0.00114389,0.19783,-6.36111e-15,6.36111e-15,-6.36111e-15,-0.0397367,0.298372,0.152225,-3.70768e-30,2.22639e-14,-1.90833e-14,0.141074,0.299118,0.282166,0,-0,0,-0.0397361,0.762264,0.152224,0,-0,0,0.141077,0.763011,0.282161,
 ,3.73955e-15,-1.41342e-17,89.9988,0.315459,1.34824e-05,-1.84997e-05,4.49802e-15,4.49794e-15,-89.999,-0.314418,-0.272123,0.201976,0,-0,0,0,0,0,0,-0,0,0.272122,0.00103134,0.201977,-6.36111e-15,6.36111e-15,-6.36111e-15,-0.0374131,0.300791,0.145743,6.36111e-15,9.54166e-15,-1.90833e-14,0.141381,0.301457,0.278427,0,-0,0,-0.0374217,0.764686,0.145754,0,-0,0,0.141375,0.765353,0.278436,
 ,3.73955e-15,-1.41342e-17,89.9988,0.315448,5.68855e-07,9.54485e-07,4.49802e-15,4.49794e-15,-89.999,-0.313005,-0.275325,0.197493,0,-0,0,0,0,0,0,-0,0,0.275322,0.00243792,0.197493,-6.36111e-15,6.36111e-15,-6.36111e-15,-0.0372797,0.300629,0.14603,6.36111e-15,9.54166e-15,-1.90833e-14,0.14358,0.302224,0.27583,0,-0,0,-0.0373104,0.764519,0.146031,0,-0,0,0.143575,0.766118,0.275831,
 ,3.73955e-15,-1.41342e-17,89.9988,0.315448,-5.99424e-07,2.17435e-07,4.49802e-15,4.49794e-15,-89.999,-0.311346,-0.273611,0.199921,0,-0,0,0,0,0,0,-0,0,0.273611,0.00409694,0.199921,0,-0,0,-0.0439757,0.298868,0.149527,0,-3.18055e-15,0,0.135795,0.30156,0.280883,0,-0,0,-0.0439748,0.762762,0.149526,0,-0,0,0.135796,0.765454,0.280883,
 ,3.73955e-15,-1.41342e-17,89.9988,0.315449,2.27167e-07,-1.42532e-07,4.49802e-15,4.49794e-15,-89.999,-0.310274,-0.272023,0.202039,0,-0,0,0,0,0,0,-0,0,0.272022,0.00517047,0.202038,0,-0,0,-0.0458205,0.299293,0.147759,0,-3.18055e-15,0,0.132913,0.302674,0.280526,0,-0,0,-0.045822,0.763189,0.147765,0,-0,0,0.132912,0.766568,0.280533,
 ,3.73955e-15,-1.41342e-17,89.9988,0.315464,-1.57382e-05,1.24048e-05,4.49802e-15,4.49794e-15,-89.999,-0.307605,-0.274098,0.199159,0,-0,0,0,0,0,0,-0,0,0.274098,0.00783823,0.19916,0,-0,0,-0.0491645,0.298497,0.149047,0,-3.18055e-15,0,0.130894,0.303623,0.279918,0,-0,0,-0.0491616,0.762393,0.149045,0,-0,0,0.130918,0.76753,0.279919,
 ,3.73955e-15,-1.41342e-17,89.9988,0.315448,1.19044e-08,-5.02199e-07,4.49802e-15,4.49794e-15,-89.999,-0.307165,-0.269018,0.205936,0,-0,0,0,0,0,0,-0,0,0.269018,0.008277,0.205935,0,-0,0,-0.051882,0.29935,0.145422,0,-3.18055e-15,0,0.12487,0.304787,0.28072,0,-0,0,-0.0518807,0.763244,0.145423,0,-0,0,0.124872,0.768681,0.28072,
 ,3.73955e-15,-1.41342e-17,89.9988,0.315447,1.50415e-06,-4.2312e-06,4.49802e-15,4.49794e-15,-89.999,-0.311205,-0.264131,0.21229,0,-0,0,0,0,0,0,-0,0,0.26413,0.00423808,0.212292,0,-0,0,-0.0461308,0.301289,0.141333,0,-3.18055e-15,0,0.127278,0.304074,0.280715,0,-0,0,-0.0461346,0.765181,0.14134,0,-0,0,0.127275,0.767967,0.280722,
 ,3.73955e-15,-1.41342e-17,89.9988,0.315447,2.12622e-06,-3.13708e-06,4.49802e-15,4.49794e-15,-89.999,-0.307033,-0.26074,0.216314,0,-0,0,0,0,0,0,-0,0,0.260739,0.00841,0.216315,0,-0,0,-0.052103,0.302123,0.1365,0,-3.18055e-15,0,0.119047,0.307641,0.278501,0,-0,0,-0.0521061,0.766016,0.136506,0,-0,0,0.119046,0.771534,0.278505,
 ,3.73955e-15,-1.41342e-17,89.9988,0.315448,-2.31281e-06,1.80814e-06,4.49802e-15,4.49794e-15,-89.999,-0.312821,-0.265722,0.210334,0,-0,0,0,0,0,0,-0,0,0.265721,0.00262177,0.210336,0,-0,0,-0.0461058,0.299609,0.146438,0,-3.18055e-15,0,0.128273,0.301341,0.284512,0,-0,0,-0.0461026,0.763504,0.146432,0,-0,0,0.128275,0.765236,0.284509,
 ,3.73955e-15,-1.41342e-17,89.9988,0.315475,-1.34064e-05,2.13714e-05,4.49802e-15,4.49794e-15,-89.999,-0.307475,-0.273451,0.20002,0,-0,0,0,0,0,0,-0,0,0.273456,0.00796907,0.200011,0,-0,0,-0.0496789,0.29853,0.148774,0,-3.18055e-15,0,0.129969,0.303714,0.280198,0,-0,0,-0.0496557,0.762439,0.14878,0,-0,0,0.12998,0.76761,0.280201,
 ,3.73955e-15,-1.41342e-17,89.9988,0.315449,-1.88085e-07,-1.95828e-06,4.49802e-15,4.49794e-15,-89.999,-0.309113,-0.269107,0.20589,0,-0,0,0,0,0,0,-0,0,0.269107,0.00633212,0.205892,0,-0,0,-0.0546632,0.296293,0.153468,0,-3.18055e-15,0,0.122113,0.300459,0.28872,0,-0,0,-0.0546641,0.760188,0.153469,0,-0,0,0.122112,0.764356,0.28872,
 ,3.73955e-15,-1.41342e-17,89.9988,0.315448,-9.41384e-07,1.38552e-06,4.49802e-15,4.49794e-15,-89.999,-0.308553,-0.265822,0.210092,0,-0,0,0,0,0,0,-0,0,0.265822,0.00689033,0.210091,0,-0,0,-0.0513389,0.299792,0.144128,0,-3.18055e-15,0,0.123191,0.304316,0.282061,0,-0,0,-0.0513377,0.763687,0.144127,0,-0,0,0.123192,0.768211,0.28206,
 ,3.73955e-15,-1.41342e-17,89.9988,0.315448,-1.87632e-06,2.09092e-06,4.49802e-15,4.49794e-15,-89.999,-0.311197,-0.263921,0.212545,0,-0,0,0,0,0,0,-0,0,0.26392,0.00424652,0.212545,0,-0,0,-0.051723,0.298447,0.148084,0,-3.18055e-15,0,0.121541,0.301237,0.287628,0,-0,0,-0.0517219,0.762342,0.148081,0,-0,0,0.121541,0.765131,0.287626,
 ,3.73955e-15,-1.41342e-17,89.9988,0.315448,-4.33626e-07,9.18692e-07,4.49802e-15,4.49794e-15,-89.999,-0.310925,-0.26765,0.207823,0,-0,0,0,0,0,0,-0,0,0.26765,0.00451776,0.207822,0,-0,0,-0.0498071,0.29827,0.149229,0,-3.18055e-15,0,0.126003,0.30124,0.285743,0,-0,0,-0.0498067,0.762164,0.149227,0,-0,0,0.126004,0.765135,0.285741,
 ,3.73955e-15,-1.41342e-17,89.9988,0.315448,-1.02682e-06,9.81728e-07,4.49802e-15,4.49794e-15,-89.999,-0.312285,-0.270571,0.204033,0,-0,0,0,0,0,0,-0,0,0.27057,0.0031576,0.204034,0,-0,0,-0.0502453,0.295783,0.156299,0,-3.18055e-15,0,0.12749,0.297859,0.290337,0,-0,0,-0.0502446,0.759677,0.156297,0,-0,0,0.127489,0.761753,0.290335,
 ,3.73955e-15,-1.41342e-17,89.9988,0.315448,1.71121e-06,-2.56036e-06,4.49802e-15,4.49794e-15,-89.999,-0.321326,-0.265371,0.210693,0,-0,0,0,0,0,0,-0,0,0.26537,-0.00588196,0.210694,0,-0,0,-0.0347383,0.299465,0.149915,0,-3.18055e-15,0,0.139438,0.295608,0.288208,0,-0,0,-0.0347415,0.763359,0.149918,0,-0,0,0.139436,0.759503,0.28821,
 ,3.73955e-15,-1.41342e-17,89.9988,0.315448,8.70484e-07,-1.80999e-06,4.49802e-15,4.49794e-15,-89.999,-0.316766,-0.261771,0.215227,0,-0,0,0,0,0,0,-0,0,0.26177,-0.00132216,0.215227,0,-0,0,-0.0425049,0.300034,0.146142,0,-3.18055e-15,0,0.129307,0.299167,0.287413,0,-0,0,-0.0425066,0.763928,0.146146,0,-0,0,0.129256,0.76306,0.28753,
 ,3.73955e-15,-1.41342e-17,89.9988,0.31544,-6.42832e-06,1.30335e-05,4.49802e-15,4.49794e-15,-89.999,-0.312715,-0.264805,0.21146,0,-0,0,0,0,0,0,-0,0,0.264807,0.00271844,0.211453,0,-0,0,-0.0474408,0.299264,0.146756,0,-3.18055e-15,0,0.126505,0.301042,0.285633,0,-0,0,-0.0474282,0.763155,0.146739,0,-0,0,0.126515,0.764931,0.285618,
 ,3.73955e-15,-1.41342e-17,89.9988,0.315448,7.30062e-07,-1.37506e-06,4.49802e-15,4.49794e-15,-89.999,-0.318662,-0.261168,0.215939,0,-0,0,0,0,0,0,-0,0,0.261167,-0.00321845,0.21594,0,-0,0,-0.0375191,0.301338,0.143411,0,-3.18055e-15,0,0.13395,0.299228,0.285186,0,-0,0,-0.0375205,0.765232,0.143412,0,-0,0,0.133949,0.763122,0.285187,
 ,3.73955e-15,-1.41342e-17,89.9988,0.315447,1.60931e-06,-2.54826e-06,4.49802e-15,4.49794e-15,-89.999,-0.315515,-0.261751,0.215257,0,-0,0,0,0,0,0,-0,0,0.261751,-7.12158e-05,0.215258,0,-0,0,-0.0412634,0.301455,0.142006,0,-3.18055e-15,0,0.130537,0.301409,0.283291,0,-0,0,-0.0412656,0.765348,0.142009,0,-0,0,0.130536,0.765302,0.283293,
 ,3.73955e-15,-1.41342e-17,89.9988,0.315448,-1.15792e-07,-2.10419e-07,4.49802e-15,4.49794e-15,-89.999,-0.311992,-0.26745,0.208107,0,-0,0,0,0,0,0,-0,0,0.26745,0.00345135,0.208106,0,-0,0,-0.0474625,0.298799,0.148269,0,-3.18055e-15,0,0.128222,0.301063,0.284974,0,-0,0,-0.0474621,0.762693,0.14827,0,-0,0,0.128223,0.764958,0.284974,
 ,3.73955e-15,-1.41342e-17,89.9988,0.315448,-1.06267e-06,6.78636e-07,4.49802e-15,4.49794e-15,-89.999,-0.314211,-0.261975,0.214982,0,-0,0,0,0,0,0,-0,0,0.261976,0.00123137,0.214982,0,-0,0,-0.0467366,0.299591,0.146038,0,-3.18055e-15,0,0.125351,0.300393,0.287247,0,-0,0,-0.0467361,0.763485,0.146038,0,-0,0,0.125351,0.764287,0.287246,
 ,3.73955e-15,-1.41342e-17,89.9988,0.315447,-6.13357e-07,-8.03934e-07,4.49802e-15,4.49794e-15,-89.999,-0.313269,-0.26988,0.204968,0,-0,0,0,0,0,0,-0,0,0.26988,0.00217323,0.204968,0,-0,0,-0.0488903,0.296057,0.155776,0,-3.18055e-15,0,0.134893,0.30142,0.281258,0,-0,0,-0.0488874,0.759952,0.155773,0,-0,0,0.134893,0.765314,0.281259,
 ,3.73955e-15,-1.41342e-17,89.9988,0.315451,7.85758e-06,-1.04911e-05,4.49802e-15,4.49794e-15,-89.999,-0.315696,-0.257453,0.220382,0,-0,0,0,0,0,0,-0,0,0.257453,-0.000253081,0.220382,0,-0,0,-0.046966,0.299949,0.144856,0,-3.18055e-15,0,0.122083,0.299782,0.289571,0,-0,0,-0.0469671,0.763844,0.144858,0,-0,0,0.122082,0.763676,0.289572,
 ,3.73955e-15,-1.41342e-17,89.9988,0.315452,-1.64031e-05,1.91837e-05,4.49802e-15,4.49794e-15,-89.999,-0.315584,-0.268288,0.20706,0,-0,0,0,0,0,0,-0,0,0.268288,-0.00014227,0.20706,0,-0,0,-0.0439614,0.297696,0.152483,0,-3.18055e-15,0,0.132186,0.297596,0.288469,0,-0,0,-0.043959,0.761591,0.152481,0,-0,0,0.132188,0.76149,0.288468,
 ,3.73955e-15,-1.41342e-17,89.9988,0.315469,-1.85558e-05,1.57002e-05,4.49802e-15,4.49794e-15,-89.999,-0.313042,-0.265132,0.211072,0,-0,0,0,0,0,0,-0,0,0.265133,0.00240195,0.211072,0,-0,0,-0.0486961,0.298221,0.149512,0,-3.18055e-15,0,0.125407,0.299794,0.288121,0,-0,0,-0.0486927,0.762117,0.14951,0,-0,0,0.125409,0.763689,0.28812,
 ,3.73955e-15,-1.41342e-17,89.9988,0.315438,-3.3744e-06,5.14188e-06,4.49802e-15,4.49794e-15,-89.999,-0.311955,-0.270153,0.20459,0,-0,0,0,0,0,0,-0,0,0.270153,0.00348751,0.204589,0,-0,0,-0.0500663,0.296232,0.154779,0,-3.18055e-15,0,0.127408,0.298531,0.289191,0,-0,0,-0.0500662,0.760126,0.154778,0,-0,0,0.127408,0.762425,0.289191,
 ,3.73955e-15,-1.41342e-17,89.9988,0.315422,-8.41794e-06,1.77046e-06,4.49802e-15,4.49794e-15,-89.999,-0.312961,-0.267722,0.207794,0,-0,0,0,0,0,0,-0,0,0.267749,0.0024593,0.207768,0,-0,0,-0.0479033,0.297613,0.151145,0,-3.18055e-15,0,0.132503,0.300714,0.283466,0,-0,0,-0.047875,0.761492,0.151128,0,-0,0,0.132503,0.764607,0.283466,
 ,3.73955e-15,-1.41342e-17,89.9988,0.315448,-1.15752e-06,2.13279e-06,4.49802e-15,4.49794e-15,-89.999,-0.314466,-0.26639,0.209496,0,-0,0,0,0,0,0,-0,0,0.266376,0.000960793,0.209489,0,-0,0,-0.0456184,0.298331,0.149949,0,-3.18055e-15,0,0.127788,0.298307,0.289259,0,-0,0,-0.0458129,0.762189,0.150036,0,-0,0,0.127788,0.762201,0.289258,
 ,3.73955e-15,-1.41342e-17,89.9988,0.315448,-9.40936e-07,2.20649e-07,4.49802e-15,4.49794e-15,-89.999,-0.309784,-0.270963,0.203476,0,-0,0,0,0,0,0,-0,0,0.270962,0.00565813,0.203476,0,-0,0,-0.0489116,0.298137,0.149554,0,-3.18055e-15,0,0.129074,0.301854,0.283213,0,-0,0,-0.0489104,0.762031,0.149553,0,-0,0,0.129075,0.765748,0.283212,
 ,3.73955e-15,-1.41342e-17,89.9988,0.315448,-4.69817e-07,-4.30827e-08,4.49802e-15,4.49794e-15,-89.999,-0.312736,-0.272809,0.201057,0,-0,0,0,0,0,0,-0,0,0.272809,0.00270824,0.201057,0,-0,0,-0.0452709,0.29721,0.153381,0,-3.18055e-15,0,0.133962,0.298996,0.285475,0,-0,0,-0.045271,0.761105,0.15338,0,-0,0,0.133962,0.762891,0.285475,
 ,3.73955e-15,-1.41342e-17,89.9988,0.315449,-2.30608e-06,1.77411e-06,4.49802e-15,4.49794e-15,-89.999,-0.313559,-0.26507,0.211166,0,-0,0,0,0,0,0,-0,0,0.265071,0.00188255,0.211166,0,-0,0,-0.0457749,0.299364,0.146813,0,-3.18055e-15,0,0.128332,0.300596,0.285511,0,-0,0,-0.0457693,0.76326,0.146811,0,-0,0,0.128338,0.76449,0.285509,
 ,3.73955e-15,-1.41342e-17,89.9988,0.315464,-1.12861e-05,6.60239e-06,4.49802e-15,4.49794e-15,-89.999,-0.311834,-0.269245,0.205801,0,-0,0,0,0,0,0,-0,0,0.269244,0.00360593,0.205804,0,-0,0,-0.048521,0.297529,0.15148,0,-3.18055e-15,0,0.128338,0.299859,0.286732,0,-0,0,-0.0485143,0.761426,0.15149,0,-0,0,0.128342,0.763749,0.286747,
 ,3.73955e-15,-1.41342e-17,89.9988,0.315448,-4.00976e-07,3.34879e-07,4.49802e-15,4.49794e-15,-89.999,-0.313023,-0.269128,0.205966,0,-0,0,0,0,0,0,-0,0,0.269127,0.0024209,0.205965,0,-0,0,-0.0477346,0.29714,0.152778,0,-3.18055e-15,0,0.129065,0.298731,0.288091,0,-0,0,-0.0477354,0.761034,0.152778,0,-0,0,0.129064,0.762626,0.288091,
 ,3.73955e-15,-1.41342e-17,89.9988,0.315448,9.61939e-07,-1.69918e-06,4.49802e-15,4.49794e-15,-89.999,-0.318495,-0.262587,0.214236,0,-0,0,0,0,0,0,-0,0,0.262587,-0.00305155,0.214236,0,-0,0,-0.0414903,0.298943,0.149308,0,-3.18055e-15,0,0.130879,0.29694,0.289983,0,-0,0,-0.0414929,0.762836,0.149312,0,-0,0,0.130878,0.760834,0.289985,
 ,3.73955e-15,-1.41342e-17,89.9988,0.315447,1.33428e-06,-2.54946e-06,4.49802e-15,4.49794e-15,-89.999,-0.317812,-0.261013,0.216161,0,-0,0,0,0,0,0,-0,0,0.261013,-0.00236879,0.216161,0,-0,0,-0.0393437,0.300943,0.143773,0,-3.18055e-15,0,0.131935,0.299389,0.285624,0,-0,0,-0.0393464,0.764836,0.143777,0,-0,0,0.131933,0.763282,0.285627,
 ,3.73955e-15,-1.41342e-17,89.9988,0.315448,-5.11864e-07,1.32197e-07,4.49802e-15,4.49794e-15,-89.999,-0.317219,-0.267234,0.20843,0,-0,0,0,0,0,0,-0,0,0.267234,-0.00177684,0.20843,0,-0,0,-0.0434074,0.297133,0.153999,0,-3.18055e-15,0,0.132146,0.295961,0.290919,0,-0,0,-0.043406,0.761027,0.153998,0,-0,0,0.132147,0.759855,0.290919,
 ,3.73955e-15,-1.41342e-17,89.9988,0.315448,-3.21761e-07,-1.82336e-07,4.49802e-15,4.49794e-15,-89.999,-0.311006,-0.269258,0.20577,0,-0,0,0,0,0,0,-0,0,0.269258,0.00443704,0.20577,0,-0,0,-0.0518179,0.296242,0.153959,0,-3.18055e-15,0,0.125074,0.299157,0.289146,0,-0,0,-0.0518175,0.760136,0.153959,0,-0,0,0.125075,0.763052,0.289146,
 ,3.73955e-15,-1.41342e-17,89.9988,0.315447,-3.80254e-07,4.53747e-07,4.49802e-15,4.49794e-15,-89.999,-0.312153,-0.270307,0.204412,0,-0,0,0,0,0,0,-0,0,0.270306,0.00328902,0.204412,0,-0,0,-0.0516839,0.294978,0.157565,0,-3.18055e-15,0,0.125904,0.29714,0.291864,0,-0,0,-0.0516836,0.758872,0.157564,0,-0,0,0.125905,0.761034,0.291862,
 ,3.73955e-15,-1.41342e-17,89.9988,0.315446,7.12967e-06,-5.60753e-06,4.49802e-15,4.49794e-15,-89.999,-0.315679,-0.270004,0.204821,0,-0,0,0,0,0,0,-0,0,0.270003,-0.000228265,0.204819,0,-0,0,-0.0510829,0.294916,0.157927,0,-3.18055e-15,0,0.127569,0.297358,0.290807,0,-0,0,-0.0510835,0.75881,0.157928,0,-0,0,0.127568,0.761252,0.290807,
 ,3.73955e-15,-1.41342e-17,89.9988,0.315447,-7.72383e-08,-4.09456e-07,4.49802e-15,4.49794e-15,-89.999,-0.315578,-0.270449,0.204255,0,-0,0,0,0,0,0,-0,0,0.270449,-0.00013578,0.204255,0,-0,0,-0.0461043,0.295499,0.157784,0,-3.18055e-15,0,0.131571,0.295409,0.291978,0,-0,0,-0.0461049,0.759392,0.157785,0,-0,0,0.131571,0.759302,0.291979,
 ,3.73955e-15,-1.41342e-17,89.9988,0.315447,-9.20227e-08,-2.61503e-07,4.49802e-15,4.49794e-15,-89.999,-0.313818,-0.272319,0.20175,0,-0,0,0,0,0,0,-0,0,0.272319,0.00162511,0.20175,0,-0,0,-0.0451007,0.296595,0.15494,0,-3.18055e-15,0,0.133792,0.297663,0.287482,0,-0,0,-0.0451016,0.760488,0.154941,0,-0,0,0.133787,0.761554,0.287485,
 ,3.73955e-15,-1.41342e-17,89.9988,0.315447,-6.75533e-07,1.32945e-06,4.49802e-15,4.49794e-15,-89.999,-0.308839,-0.276443,0.195957,0,-0,0,0,0,0,0,-0,0,0.276443,0.00660296,0.195957,0,-0,0,-0.0491192,0.296184,0.154875,0,-3.18055e-15,0,0.132454,0.300519,0.283591,0,-0,0,-0.0491189,0.760078,0.154874,0,-0,0,0.132454,0.764413,0.283591,
 ,3.73955e-15,-1.41342e-17,89.9988,0.315448,8.40892e-08,2.01729e-07,4.49802e-15,4.49794e-15,-89.999,-0.310348,-0.275228,0.197707,0,-0,0,0,0,0,0,-0,0,0.275229,0.00509542,0.197704,0,-0,0,-0.0461915,0.297317,0.152496,0,-3.18055e-15,0,0.134598,0.30066,0.282368,0,-0,0,-0.0461923,0.761211,0.152499,0,-0,0,0.134599,0.764551,0.282375,
 ,3.73955e-15,-1.41342e-17,89.9988,0.315447,2.68524e-08,-5.29105e-07,4.49802e-15,4.49794e-15,-89.999,-0.316993,-0.270541,0.204133,0,-0,0,0,0,0,0,-0,0,0.270541,-0.00154992,0.204133,0,-0,0,-0.0399163,0.297798,0.152822,0,-3.18055e-15,0,0.137787,0.296779,0.286916,0,-0,0,-0.0399175,0.761692,0.152823,0,-0,0,0.137786,0.760673,0.286917,
 ,3.73955e-15,-1.41342e-17,89.9988,0.315448,-3.26349e-07,1.60701e-07,4.49802e-15,4.49794e-15,-89.999,-0.314087,-0.272473,0.201549,0,-0,0,0,0,0,0,-0,0,0.272473,0.00135618,0.20155,0,-0,0,-0.0456372,0.295981,0.156453,0,-3.18055e-15,0,0.133348,0.296883,0.288871,0,-0,0,-0.0456376,0.759875,0.156453,0,-0,0,0.133347,0.760777,0.288871,
 ,3.73955e-15,-1.41342e-17,89.9988,0.315447,-3.16503e-07,-5.59789e-08,4.49802e-15,4.49794e-15,-89.999,-0.312186,-0.27329,0.200419,0,-0,0,0,0,0,0,-0,0,0.27329,0.00325679,0.20042,0,-0,0,-0.0481394,0.295608,0.156715,0,-3.18055e-15,0,0.131385,0.297743,0.288391,0,-0,0,-0.0481396,0.759501,0.156714,0,-0,0,0.131376,0.761633,0.288391,
 ,3.73955e-15,-1.41342e-17,89.9988,0.315447,1.29975e-07,5.14761e-07,4.49802e-15,4.49794e-15,-89.999,-0.309613,-0.272284,0.201723,0,-0,0,0,0,0,0,-0,0,0.272284,0.00582951,0.201722,0,-0,0,-0.048854,0.297587,0.150695,0,-3.18055e-15,0,0.130034,0.301407,0.283178,0,-0,0,-0.0488543,0.761476,0.150689,0,-0,0,0.130037,0.765296,0.283167,
 ,3.73955e-15,-1.41342e-17,89.9988,0.315448,1.34735e-06,-1.62574e-06,4.49802e-15,4.49794e-15,-89.999,-0.313283,-0.269865,0.205022,0,-0,0,0,0,0,0,-0,0,0.269865,0.00216119,0.205021,0,-0,0,-0.0399288,0.300707,0.14398,0,-3.18055e-15,0,0.137288,0.302131,0.278625,0,-0,0,-0.0399327,0.764601,0.143984,0,-0,0,0.137285,0.766026,0.278627,
 ,3.73955e-15,-1.41342e-17,89.9988,0.315448,-4.6531e-07,6.40676e-07,4.49802e-15,4.49794e-15,-89.999,-0.310739,-0.274994,0.198047,0,-0,0,0,0,0,0,-0,0,0.274993,0.00470318,0.198047,0,-0,0,-0.0429631,0.298923,0.148476,0,-3.18055e-15,0,0.137644,0.30201,0.278595,0,-0,0,-0.0429655,0.762816,0.14847,0,-0,0,0.137641,0.765903,0.278594,
 ,3.73955e-15,-1.41342e-17,89.9988,0.315447,-1.73505e-07,-1.01376e-07,4.49802e-15,4.49794e-15,-89.999,-0.309889,-0.276608,0.195766,0,-0,0,0,0,0,0,-0,0,0.276608,0.00555351,0.195766,0,-0,0,-0.0415586,0.299667,0.146645,0,-3.18055e-15,0,0.140158,0.303315,0.275257,0,-0,0,-0.0415586,0.763561,0.146645,0,-0,0,0.140158,0.767208,0.275257,
 ,3.73955e-15,-1.41342e-17,89.9988,0.315448,-4.2257e-07,2.6503e-07,4.49802e-15,4.49794e-15,-89.999,-0.30982,-0.272187,0.201866,0,-0,0,0,0,0,0,-0,0,0.272188,0.00562168,0.201864,0,-0,0,-0.0422826,0.301047,0.142106,0,-3.18055e-15,0,0.136521,0.304737,0.274716,0,-0,0,-0.0422821,0.76494,0.142107,0,-0,0,0.136522,0.76863,0.274717,
 ,3.73955e-15,-1.41342e-17,89.9988,0.315448,-2.78844e-06,2.93357e-06,4.49802e-15,4.49794e-15,-89.999,-0.31163,-0.27512,0.197893,0,-0,0,0,0,0,0,-0,0,0.27512,0.00381346,0.197894,0,-0,0,-0.0331079,0.303415,0.136917,0,-3.18055e-15,0,0.147585,0.305921,0.266899,0,-0,0,-0.0331085,0.767309,0.136916,0,-0,0,0.147585,0.769816,0.266898,
 ,3.73955e-15,-1.41342e-17,89.9988,0.315448,-7.90292e-07,2.71664e-07,4.49802e-15,4.49794e-15,-89.999,-0.313397,-0.268736,0.206514,0,-0,0,0,0,0,0,-0,0,0.268737,0.00204656,0.206513,0,-0,0,-0.0253927,0.307628,0.123966,0,-3.18055e-15,0,0.151119,0.308969,0.259629,0,-0,0,-0.0253934,0.771522,0.123966,0,-0,0,0.151119,0.772863,0.25963,
 ,3.73955e-15,-1.41342e-17,89.9988,0.315448,-1.27875e-06,2.107e-06,4.49802e-15,4.49794e-15,-89.999,-0.312093,-0.272229,0.20186,0,-0,0,0,0,0,0,-0,0,0.272229,0.00335026,0.201858,0,-0,0,-0.0231053,0.308485,0.121194,0,-3.18055e-15,0,0.155714,0.31068,0.253805,0,-0,0,-0.0231042,0.772379,0.121193,0,-0,0,0.155715,0.774574,0.253804,
 ,3.73955e-15,-1.41342e-17,89.9988,0.315449,-1.57744e-06,1.40043e-06,4.49802e-15,4.49794e-15,-89.999,-0.312387,-0.276112,0.196522,0,-0,0,0,0,0,0,-0,0,0.276113,0.00305659,0.196522,0,-0,0,-0.0173401,0.309687,0.117534,0,-3.18055e-15,0,0.164009,0.311696,0.246617,0,-0,0,-0.0173394,0.773582,0.117532,0,-0,0,0.164009,0.775591,0.246616,
 ,3.73955e-15,-1.41342e-17,89.9988,0.315448,-1.13838e-06,5.38495e-07,4.49802e-15,4.49794e-15,-89.999,-0.316147,-0.279418,0.191817,0,-0,0,0,0,0,0,-0,0,0.279419,-0.000703447,0.191817,0,-0,0,-0.00352467,0.311962,0.109551,0,-3.18055e-15,0,0.180022,0.311504,0.235558,0,-0,0,-0.00352475,0.775857,0.109549,0,-0,0,0.180022,0.775399,0.235558,
 ,3.73955e-15,-1.41342e-17,89.9988,0.315447,-1.15046e-06,2.10542e-06,4.49802e-15,4.49794e-15,-89.999,-0.311801,-0.290945,0.173798,0,-0,0,0,0,0,0,-0,0,0.290953,0.00362798,0.173768,0,-0,0,0.0062688,0.315492,0.0931926,0,-3.18055e-15,0,0.197329,0.317877,0.207355,0,-0,0,0.00626852,0.779386,0.0931924,0,-0,0,0.197329,0.78177,0.207355,
 ,3.73955e-15,-1.41342e-17,89.9988,0.315447,-9.31987e-07,-8.88079e-07,4.49802e-15,4.49794e-15,-89.999,-0.314201,-0.279571,0.191595,0,-0,0,0,0,0,0,-0,0,0.279572,0.00124207,0.191594,0,-0,0,0.0140758,0.317892,0.0794189,0,-3.18055e-15,0,0.197669,0.318716,0.205201,0,-0,0,0.0140721,0.781783,0.0794331,0,-0,0,0.197671,0.782609,0.205206,
 ,3.73955e-15,-1.41342e-17,89.9988,0.315447,-2.28348e-06,6.02939e-07,4.49802e-15,4.49794e-15,-89.999,-0.320974,-0.279127,0.192168,0,-0,0,0,0,0,0,-0,0,0.279129,-0.00553014,0.192167,0,-0,0,0.0262387,0.317616,0.0778587,0,-3.18055e-15,0,0.20957,0.313993,0.204074,0,-0,0,0.0262381,0.78151,0.0778572,0,-0,0,0.209569,0.777888,0.204073,
 ,3.73955e-15,-1.41342e-17,89.9988,0.315447,-5.21258e-07,3.5773e-07,4.49802e-15,4.49794e-15,-89.999,-0.331068,-0.284959,0.182824,0,-0,0,0,0,0,0,-0,0,0.284959,-0.0156238,0.182824,0,-0,0,0.0495083,0.316904,0.0703278,0,-3.18055e-15,0,0.236612,0.306689,0.190434,0,-0,0,0.0494933,0.780795,0.0703286,0,-0,0,0.236598,0.770587,0.190437,
 ,3.73955e-15,-1.41342e-17,89.9988,0.315448,-2.1591e-06,2.07484e-06,4.49802e-15,4.49794e-15,-89.999,-0.330951,-0.281881,0.187542,0,-0,0,0,0,0,0,-0,0,0.281881,-0.0155085,0.187542,0,-0,0,0.0668417,0.318057,0.0431894,0,-3.18055e-15,0,0.252002,0.30787,0.166396,0,-0,0,0.0668411,0.781951,0.0431903,0,-0,0,0.251923,0.771783,0.166509,
 ,3.73955e-15,-1.41342e-17,89.9988,0.315448,-1.61281e-06,1.377e-06,4.49802e-15,4.49794e-15,-89.999,-0.329479,-0.295439,0.165498,0,-0,0,0,0,0,0,-0,0,0.295438,-0.0140385,0.165499,0,-0,0,0.0690908,0.318379,0.0354705,0,-3.18055e-15,0,0.263058,0.309155,0.144142,0,-0,0,0.0690966,0.782272,0.0354719,0,-0,0,0.26306,0.773048,0.144143,
 ,3.73955e-15,-1.41342e-17,89.9988,0.315448,-6.25901e-07,9.52043e-07,4.49802e-15,4.49794e-15,-89.999,-0.320291,-0.306015,0.145607,0,-0,0,0,0,0,0,-0,0,0.306014,-0.00484865,0.145606,0,-0,0,0.0634854,0.32018,0.0176176,0,-3.18055e-15,0,0.264432,0.316995,0.113237,0,-0,0,0.0634867,0.784075,0.0176163,0,-0,0,0.264432,0.78089,0.113237,
 ,3.73955e-15,-1.41342e-17,89.9988,0.315447,1.00419e-06,-4.56127e-07,4.49802e-15,4.49794e-15,-89.999,-0.310108,-0.30583,0.145973,0,-0,0,0,0,0,0,-0,0,0.305829,0.0053336,0.145971,0,-0,0,0.0576492,0.321245,-0.00279453,0,-3.18055e-15,0,0.258417,0.324739,0.0930477,0,-0,0,0.057648,0.785139,-0.00279214,0,-0,0,0.258416,0.788632,0.0930501,
 ,3.73955e-15,-1.41342e-17,89.9988,0.315449,1.91708e-06,1.02096e-06,4.49802e-15,4.49794e-15,-89.999,-0.306654,-0.296222,0.164419,0,-0,0,0,0,0,0,-0,0,0.29622,0.00878894,0.164415,0,-0,0,0.0553409,0.321511,-0.00484752,0,-3.18055e-15,0,0.249794,0.327279,0.103082,0,-0,0,0.0553382,0.785406,-0.00484743,0,-0,0,0.24979,0.791174,0.10308,
 ,3.73955e-15,-1.41342e-17,89.9988,0.315448,6.78526e-07,-8.28101e-07,4.49802e-15,4.49794e-15,-89.999,-0.302718,-0.285244,0.1826,0,-0,0,0,0,0,0,-0,0,0.285244,0.0127246,0.182599,0,-0,0,0.0473884,0.322397,0.00131891,0,-3.18055e-15,0,0.234553,0.330745,0.121129,0,-0,0,0.0473881,0.786291,0.00131974,0,-0,0,0.234555,0.794639,0.121127,
 ,3.73955e-15,-1.41342e-17,89.9988,0.315447,4.08732e-07,-2.10094e-07,4.49802e-15,4.49794e-15,-89.999,-0.301025,-0.276637,0.195275,0,-0,0,0,0,0,0,-0,0,0.276637,0.0144166,0.195275,0,-0,0,0.0459514,0.322495,0.00104154,0,-3.18055e-15,0,0.227631,0.331967,0.129291,0,-0,0,0.0459495,0.786388,0.001042,0,-0,0,0.22763,0.79586,0.129291,
 ,3.73955e-15,-1.41342e-17,89.9988,0.315446,7.69289e-07,1.69397e-07,4.49802e-15,4.49794e-15,-89.999,-0.294847,-0.275052,0.196952,0,-0,0,0,0,0,0,-0,0,0.27505,0.0205939,0.19695,-72.0093,37.4343,-6.6821,0.120183,0.391299,0.0865969,0,-3.18055e-15,0,0.230385,0.335284,0.11083,0,-0,0,-0.0360376,0.186486,0.837826,0,-0,0,0.230382,0.799178,0.110833,
 ,3.73955e-15,-1.41342e-17,89.9988,0.315448,-3.01346e-07,-4.72853e-07,4.49802e-15,4.49794e-15,-89.999,-0.29924,-0.270877,0.203058,0,-0,0,0,0,0,0,-0,0,0.270877,0.0162033,0.203058,-16.4335,12.0149,-1.89734,0.0527255,0.0351156,0.467251,0,-3.18055e-15,0,0.229267,0.332498,0.124361,0,-0,0,-0.0618779,0.348591,0.587168,0,-0,0,0.229267,0.796392,0.124361,
 ,3.73955e-15,-1.41342e-17,89.9988,0.315448,-4.05508e-07,-4.53554e-07,4.49802e-15,4.49794e-15,-89.999,-0.304618,-0.26791,0.207308,0,-0,0,0,0,0,0,-0,0,0.26791,0.0108255,0.207309,-13.2276,9.7837,-1.26248,0.0553107,0.211548,0.329784,0,-3.18055e-15,0,0.22842,0.331077,0.13126,0,-0,0,-0.016212,0.582613,0.477847,0,-0,0,0.22842,0.794971,0.13126,
 ,3.73955e-15,-1.41342e-17,89.9988,0.315446,3.22894e-07,-2.49067e-06,4.49802e-15,4.49794e-15,-89.999,-0.30862,-0.26616,0.209721,0,-0,0,0,0,0,0,-0,0,0.26616,0.00682232,0.209722,-8.63188,6.45798,-0.569861,0.0485693,0.312916,0.143139,0,-3.18055e-15,0,0.224432,0.326301,0.153514,0,-0,0,0.0244706,0.746377,0.261892,0,-0,0,0.224432,0.79019,0.153516,
 ,3.73955e-15,-1.41342e-17,89.9988,0.315447,-1.82083e-07,-2.56304e-07,4.49802e-15,4.49794e-15,-89.999,-0.308342,-0.262203,0.214636,0,-0,0,0,0,0,0,-0,0,0.262202,0.00710048,0.214637,-6.97817,5.23672,-0.385809,0.0446431,0.321813,0.0930057,0,-3.18055e-15,0,0.218281,0.326702,0.160999,0,-0,0,0.0306988,0.768475,0.190998,0,-0,0,0.218282,0.790595,0.160998,
 ,3.73955e-15,-1.41342e-17,89.9988,0.315448,-1.71727e-07,-6.26634e-07,4.49802e-15,4.49794e-15,-89.999,-0.301328,-0.267358,0.207825,0,-0,0,0,0,0,0,-0,0,0.267358,0.0141146,0.207826,-4.57076,3.44183,-0.180852,0.0308444,0.32517,0.0418507,0,-3.18055e-15,0,0.207469,0.332397,0.158352,0,-0,0,0.0257922,0.783183,0.106234,0,-0,0,0.207471,0.796291,0.158351,
 ,3.73955e-15,-1.41342e-17,89.9988,0.315448,1.42327e-07,-1.2695e-06,4.49802e-15,4.49794e-15,-89.999,-0.297029,-0.265197,0.210243,0,-0,0,0,0,0,0,-0,0,0.265196,0.0184132,0.210245,-3.70039,2.78902,-0.125297,0.0184408,0.325588,0.0374192,0,-3.18055e-15,0,0.192973,0.335546,0.166851,0,-0,0,0.0148743,0.78541,0.0890661,0,-0,0,0.192974,0.799439,0.166851,
 ,3.73955e-15,-1.41342e-17,89.9988,0.315447,-2.06761e-07,-6.76854e-07,4.49802e-15,4.49794e-15,-89.999,-0.305202,-0.270162,0.204397,0,-0,0,0,0,0,0,-0,0,0.270162,0.010241,0.204399,-46.2187,4.74888,-4.56571,0.0140792,0.413165,0.18675,0,-3.18055e-15,0,0.185405,0.327212,0.196681,0,-0,0,-0.0710534,0.474635,0.757613,0,-0,0,0.185406,0.791106,0.196679,
 ,3.73955e-15,-1.41342e-17,89.9988,0.315448,4.49879e-07,-1.006e-06,4.49802e-15,4.49794e-15,-89.999,-0.300848,-0.269723,0.204712,0,-0,0,0,0,0,0,-0,0,0.269722,0.0145952,0.204713,-33.6378,3.85324,-2.9659,0.00385971,0.378105,0.0743349,0,-3.18055e-15,0,0.175378,0.329767,0.199709,0,-0,0,-0.0446208,0.660624,0.525445,0,-0,0,0.175368,0.793663,0.199721,
 ,3.73955e-15,-1.41342e-17,89.9988,0.315448,-1.24489e-07,-9.88205e-07,4.49802e-15,4.49794e-15,-89.999,-0.307682,-0.271074,0.203299,0,-0,0,0,0,0,0,-0,0,0.271073,0.00776219,0.2033,-63.8151,1.10375,-3.80855,0.00427691,0.478921,0.125284,0,-3.18055e-15,0,0.176484,0.322748,0.214808,0,-0,0,-0.0607668,0.30376,0.899256,0,-0,0,0.176483,0.786643,0.214809,
 ,3.73955e-15,-1.41342e-17,89.9988,0.315448,2.32334e-07,-6.81925e-07,4.49802e-15,4.49794e-15,-89.999,-0.311354,-0.273871,0.199622,0,-0,0,0,0,0,0,-0,0,0.27387,0.00408848,0.199623,-51.6863,1.23704,-3.02749,0.00715402,0.431853,0.0582109,0,-3.18055e-15,0,0.180131,0.318924,0.220027,0,-0,0,-0.041414,0.509787,0.737705,0,-0,0,0.180131,0.782818,0.220028,
 ,3.73955e-15,-1.41342e-17,89.9988,0.315447,-8.6586e-08,7.44904e-08,4.49802e-15,4.49794e-15,-89.999,-0.323623,-0.276458,0.195896,0,-0,0,0,0,0,0,-0,0,0.276457,-0.00818012,0.195897,-33.9005,1.13055,-1.87298,0.0274363,0.366887,0.0099957,0,-3.18055e-15,0,0.203055,0.310208,0.218352,0,-0,0,6.94759e-05,0.684348,0.471929,0,-0,0,0.203054,0.774103,0.21835,
 ,3.73955e-15,-1.41342e-17,89.9988,0.315448,1.97037e-07,-2.10849e-07,4.49802e-15,4.49794e-15,-89.999,-0.325329,-0.272846,0.200821,0,-0,0,0,0,0,0,-0,0,0.272845,-0.00988596,0.20082,-63.4087,2.80206,-3.15677,0.0235372,0.495156,0.138668,0,-3.18055e-15,0,0.191205,0.306293,0.236495,0,-0,0,-0.036057,0.30663,0.918824,0,-0,0,0.191206,0.770187,0.236495,
 ,3.73955e-15,-1.41342e-17,89.9988,0.315448,-1.46244e-07,1.91298e-07,4.49802e-15,4.49794e-15,-89.999,-0.323249,-0.27564,0.197061,0,-0,0,0,0,0,0,-0,0,0.275639,-0.00780639,0.197062,-46.2014,2.42162,-2.01804,0.0240848,0.41236,0.0424724,0,-3.18055e-15,0,0.197522,0.309512,0.224789,0,-0,0,-0.00857605,0.576258,0.661862,0,-0,0,0.197517,0.773407,0.224799,
 ,3.73955e-15,-1.41342e-17,89.9988,0.315448,-5.30281e-07,-2.27994e-07,4.49802e-15,4.49794e-15,-89.999,-0.319886,-0.275967,0.196711,0,-0,0,0,0,0,0,-0,0,0.275967,-0.00444331,0.196711,-33.6685,1.93995,-1.28595,0.0213949,0.366157,0.00824949,0,-3.18055e-15,0,0.197726,0.313235,0.216844,0,-0,0,0.0024804,0.686412,0.467278,0,-0,0,0.197727,0.777129,0.216845,
 ,3.73955e-15,-1.41342e-17,89.9988,0.315448,-1.03535e-06,3.63413e-07,4.49802e-15,4.49794e-15,-89.999,-0.317435,-0.277602,0.194439,0,-0,0,0,0,0,0,-0,0,0.277601,-0.00199171,0.19444,-27.2987,1.63678,-0.95854,0.0206922,0.349739,0.00057647,0,-3.18055e-15,0,0.199204,0.315868,0.209866,0,-0,0,0.00705678,0.722827,0.374055,0,-0,0,0.199203,0.779775,0.209892,
 ,3.73955e-15,-1.41342e-17,89.9988,0.315448,-9.42188e-07,1.85128e-07,-16.4661,19.2534,-94.6598,-0.233976,-0.369271,0.206884,0,-0,0,0,0,0,0,-0,0,0.272744,0.020683,0.333959,-60.5753,3.21301,-3.7019,0.0250182,0.461816,0.112355,0,-3.18055e-15,0,0.194493,0.329409,0.201857,0,-0,0,-0.0410468,0.358587,0.860185,0,-0,0,0.194503,0.793304,0.201861,
 ,3.73955e-15,-1.41342e-17,89.9988,0.315448,-1.1276e-06,1.69147e-06,-22.7376,27.6109,-99.0836,-0.220111,-0.414262,0.173337,0,-0,0,0,0,0,0,-0,0,0.267853,0.0236059,0.373889,-44.1274,2.76394,-2.38779,0.0147508,0.388109,0.00457151,-76.8797,60.0002,-77.107,0.205777,0.125266,0.284171,0,-0,0,-0.0209559,0.60898,0.595695,0,-0,0,-0.510238,0.382564,0.251824,
 ,3.73955e-15,-1.41342e-17,89.9988,0.315448,-9.05827e-07,1.87679e-07,-26.1828,32.1119,-105.268,-0.255812,-0.426077,0.114558,0,-0,0,0,0,0,0,-0,0,0.272682,0.0220835,0.35227,-32.1569,2.21119,-1.53906,0.014611,0.347778,-0.0426859,-59.6681,76.7506,-58.4386,0.192865,-0.168336,0.354027,0,-0,0,-0.00554138,0.710084,0.395724,0,-0,0,-0.37713,0.207534,0.241819,
 ,3.73955e-15,-1.41342e-17,89.9988,0.315447,-3.10124e-07,-6.4139e-08,-52.3099,64.4037,-126.34,-0.267164,-0.419406,-0.14964,0,-0,0,0,0,0,0,-0,0,0.268575,0.00611041,0.358392,-23.4306,1.70282,-1.00206,0.0230307,0.339515,-0.0401249,-54.7011,78.5801,-52.4037,0.202741,-0.214919,0.349199,0,-0,0,0.0101647,0.753258,0.283029,0,-0,0,-0.356625,0.181589,0.253281,
 ,3.73955e-15,-1.41342e-17,89.9988,0.315447,-1.92147e-06,1.81652e-06,-61.1361,64.6539,-135.258,-0.277824,-0.403754,-0.16897,0,-0,0,0,0,0,0,-0,0,0.263219,0.00992656,0.35147,-54.9015,3.61507,-0.368614,0.0282623,0.41123,0.0429402,-48.1268,79.616,-46.9667,0.186414,-0.234685,0.337083,0,-0,0,0.0198776,0.467013,0.741611,0,-0,0,-0.338764,0.179149,0.232,
 ,3.73955e-15,-1.41342e-17,89.9988,0.315447,-6.97842e-07,-1.94231e-07,-68.126,64.9431,-142.245,-0.299067,-0.389014,-0.175839,0,-0,0,0,0,0,0,-0,0,0.254727,-0.00202893,0.342967,-57.597,3.39676,-0.698264,0.0416257,0.419519,0.0443059,-59.5652,80.0177,-57.552,0.182984,-0.23928,0.326531,0,-0,0,0.0281755,0.434697,0.770924,0,-0,0,-0.337402,0.167967,0.220139,
 ,3.73955e-15,-1.41342e-17,89.9988,0.315448,-3.76229e-07,4.77866e-07,-72.2779,64.9962,-146.948,-0.311492,-0.378351,-0.178983,0,-0,0,0,0,0,0,-0,0,0.247255,-0.00408402,0.337743,-41.9455,2.57184,-0.170282,0.0472187,0.370173,-0.0240389,-65.158,81.1432,-60.7209,0.18763,-0.24445,0.320717,0,-0,0,0.0457734,0.635151,0.541261,0,-0,0,-0.332173,0.157919,0.225246,
 ,3.73955e-15,-1.41342e-17,89.9988,0.315448,-5.11824e-07,-9.71055e-07,-76.1262,68.2037,-152.224,-0.318689,-0.363211,-0.205415,0,-0,0,0,0,0,0,-0,0,0.25444,-0.0038613,0.330711,-30.5657,1.89744,0.0630333,0.0395741,0.343484,-0.0479206,-72.1767,79.2888,-66.8979,0.191842,-0.229703,0.321834,0,-0,0,0.0420287,0.71882,0.37048,0,-0,0,-0.342238,0.156086,0.231612,
 ,3.73955e-15,-1.41342e-17,89.9988,0.315448,-8.745e-09,-1.7794e-06,-76.4947,72.6681,-154.796,-0.310253,-0.350645,-0.22937,0,-0,0,0,0,0,0,-0,0,0.262435,0.00542979,0.326612,-22.2823,1.38411,0.146563,0.0398392,0.334585,-0.0484209,-68.7719,79.6057,-62.9293,0.197145,-0.226718,0.324259,0,-0,0,0.0430405,0.756724,0.258879,0,-0,0,-0.340842,0.159433,0.242161,
 ,3.73955e-15,-1.41342e-17,89.9988,0.315448,3.25336e-07,1.3785e-08,-65.3307,73.9052,-145.946,-0.317225,-0.343355,-0.224301,0,-0,0,0,0,0,0,-0,0,0.269245,0.0055521,0.309326,-16.2436,1.00498,0.16032,0.0532185,0.332939,-0.0323218,-71.7539,79.9078,-67.6226,0.182734,-0.24109,0.312433,0,-0,0,0.0560046,0.773645,0.192762,0,-0,0,-0.331486,0.154911,0.216103,
 ,3.73955e-15,-1.41342e-17,89.9988,0.315447,-3.93729e-07,5.13614e-08,-58.4622,73.937,-139.599,-0.320222,-0.340394,-0.220638,0,-0,0,0,0,0,0,-0,0,0.273538,0.00477641,0.299513,-11.8488,0.729202,0.145194,0.0570768,0.33132,-0.02197,-69.2962,79.7033,-64.4539,0.180437,-0.239251,0.317457,0,-0,0,0.0593656,0.782473,0.142512,0,-0,0,-0.334652,0.153617,0.219517,
 ,3.73955e-15,-1.41342e-17,89.9988,0.315447,-1.84905e-07,5.13355e-09,-72.0365,73.7408,-152.272,-0.321995,-0.343042,-0.233067,0,-0,0,0,0,0,0,-0,0,0.268934,0.00804464,0.315614,-57.5959,5.59148,-2.42855,0.0514288,0.417167,0.0418559,-65.7657,79.2977,-62.6638,0.190228,-0.236364,0.323735,0,-0,0,0.00990189,0.436547,0.768109,0,-0,0,-0.339388,0.160083,0.227748,
 ,3.73955e-15,-1.41342e-17,89.9988,0.315448,-4.78155e-07,4.45635e-07,-72.9839,73.0389,-151.831,-0.313528,-0.349976,-0.229378,0,-0,0,0,0,0,0,-0,0,0.267353,0.00406061,0.321876,-41.9283,4.36477,-1.22163,0.0465228,0.364494,-0.0316764,-64.0358,79.9093,-59.2535,0.192113,-0.235873,0.321872,0,-0,0,0.0311779,0.636534,0.532208,0,-0,0,-0.333992,0.158966,0.235789,
 ,3.73955e-15,-1.41342e-17,89.9988,0.315447,-2.1579e-07,1.12883e-07,-69.2583,72.3071,-148.098,-0.317443,-0.35152,-0.217678,0,-0,0,0,0,0,0,-0,0,0.264777,-0.00137941,0.317577,-30.5411,3.28882,-0.576268,0.0475207,0.343601,-0.0475827,-64.758,80.0045,-60.9121,0.187678,-0.243719,0.318544,0,-0,0,0.0420611,0.718829,0.371598,0,-0,0,-0.331249,0.155562,0.226247,
 ,3.73955e-15,-1.41342e-17,89.9988,0.315448,-4.72904e-07,2.82442e-07,-73.5597,70.3211,-152.055,-0.32497,-0.350315,-0.218638,0,-0,0,0,0,0,0,-0,0,0.264835,-0.00157731,0.317076,-22.2547,2.43513,-0.247076,0.0421591,0.336045,-0.0439402,-68.1186,79.8899,-63.4244,0.190742,-0.242337,0.321406,0,-0,0,0.0405411,0.756514,0.263918,0,-0,0,-0.3362,0.151098,0.229898,
 ,3.73955e-15,-1.41342e-17,89.9988,0.31545,-3.42091e-07,2.31522e-07,-82.2691,70.442,-159.999,-0.334636,-0.333303,-0.233433,0,-0,0,0,0,0,0,-0,0,0.264761,-0.00634983,0.30966,-16.2458,1.79028,-0.0871988,0.0432684,0.334152,-0.0292009,-74.7166,80.0486,-69.422,0.187584,-0.244529,0.318456,0,-0,0,0.0429544,0.774026,0.196575,0,-0,0,-0.337729,0.145905,0.222072,
 ,3.73955e-15,-1.41342e-17,89.9988,0.315448,-3.58047e-07,-8.09722e-07,-83.9446,69.8023,-161.387,-0.33225,-0.336704,-0.232289,0,-0,0,0,0,0,0,-0,0,0.261488,-0.00477848,0.315134,-11.823,1.30657,-0.0131555,0.0393964,0.333502,-0.0152296,-73.5343,79.3798,-69.7362,0.187093,-0.244468,0.323962,0,-0,0,0.039551,0.783425,0.149355,0,-0,0,-0.344389,0.146888,0.218825,
 ,3.73955e-15,-1.41342e-17,89.9988,0.315448,-2.37263e-07,-1.35994e-06,-81.176,68.6147,-157.713,-0.321687,-0.352051,-0.221732,0,-0,0,0,0,0,0,-0,0,0.257767,-3.79326e-05,0.326683,-8.61916,0.953246,0.0170564,0.0389306,0.333737,0.00508618,-64.1884,81.12,-60.2774,0.196758,-0.248472,0.330838,0,-0,0,0.0390776,0.787752,0.12521,0,-0,0,-0.340679,0.154463,0.233689,
 ,3.73955e-15,-1.41342e-17,89.9988,0.315447,3.29722e-07,-4.40166e-06,-84.9373,68.6344,-159.605,-0.316674,-0.367464,-0.22235,0,-0,0,0,0,0,0,-0,0,0.254141,-0.00881052,0.34613,-6.28282,0.69478,0.0266088,0.0340736,0.333143,0.0295217,-61.6034,80.3705,-59.1204,0.207257,-0.247504,0.334933,0,-0,0,0.0340826,0.788958,0.116982,0,-0,0,-0.343468,0.156806,0.243607,
 ,3.73955e-15,-1.41342e-17,89.9988,0.315448,1.46529e-06,-1.0635e-06,-79.5155,70.5926,-153.576,-0.308159,-0.380392,-0.21025,0,-0,0,0,0,0,0,-0,0,0.252938,-0.0213707,0.352842,-4.58123,0.506389,0.026929,0.0443703,0.33081,0.0475118,-58.9265,79.9771,-57.7684,0.205763,-0.24949,0.343031,0,-0,0,0.0443186,0.788317,0.111229,0,-0,0,-0.350224,0.157875,0.241432,
 ,3.73955e-15,-1.41342e-17,89.9988,0.315448,2.94015e-07,-2.50686e-06,-87.924,73.8039,-161.962,-0.293809,-0.384803,-0.22571,0,-0,0,0,0,0,0,-0,0,0.245276,-0.0217702,0.372425,-3.33898,0.368888,0.0236296,0.0433857,0.329187,0.0541512,-53.9701,79.2738,-50.9925,0.232863,-0.239893,0.372667,0,-0,0,0.0433633,0.788547,0.100532,0,-0,0,-0.371243,0.154925,0.285252,
 ,3.73955e-15,-1.41342e-17,89.9988,0.315443,3.77098e-05,-5.43026e-05,-93.5103,75.3862,-167.147,-0.282286,-0.389365,-0.243793,0,-0,0,0,0,0,0,-0,0,0.24887,-0.0120368,0.387621,-2.45427,0.27102,0.0194627,0.0412271,0.326911,0.0752695,-46.0595,80.4923,-41.729,0.255306,-0.232635,0.376736,0,-0,0,0.0410899,0.786836,0.10927,0,-0,0,-0.365523,0.166692,0.314834,
 ,3.73955e-15,-1.41342e-17,89.9988,0.315447,-2.65091e-07,5.99376e-07,-86.4843,73.5813,-159.357,-0.293238,-0.393636,-0.22705,0,-0,0,0,0,0,0,-0,0,0.247899,-0.0145958,0.382125,-63.8186,41.4283,-4.17328,0.160204,0.273728,0.338387,-46.4856,57.9495,-43.1114,0.286713,-0.218577,0.398441,0,-0,0,-0.134647,-0.04812,0.65496,0,-0,0,-0.295907,0.0289198,0.434565,
 ,3.73955e-15,-1.41342e-17,89.9988,0.315448,-2.95564e-07,-1.38796e-07,-87.9159,72.3568,-160.616,-0.293569,-0.390979,-0.221208,0,-0,0,0,0,0,0,-0,0,0.238907,-0.00741656,0.382372,-35.2993,40.0997,-14.2181,0.110849,0.322506,0.322557,-65.5663,33.6983,-44.1748,0.319868,0.209649,0.4096,0,-0,0,-0.273832,0.533016,0.612773,0,-0,0,-0.250324,-0.0944371,0.578396,
 ,3.73955e-15,-1.41342e-17,89.9988,0.315448,5.82004e-07,-3.26824e-07,-90.7814,71.1256,-163.619,-0.290311,-0.388132,-0.212933,0,-0,0,0,0,0,0,-0,0,0.223684,-0.00129216,0.384401,-23.3506,30.1437,-7.0545,0.0587003,0.358834,0.185935,-57.7342,27.9079,-43.5631,0.289174,0.0533698,0.567109,0,-0,0,-0.130389,0.701014,0.454401,0,-0,0,-0.283644,-0.179995,0.635471,
 ,3.73955e-15,-1.41342e-17,89.9988,0.315448,2.36354e-07,-1.49397e-07,-90.585,69.0173,-163.208,-0.287503,-0.386259,-0.200991,0,-0,0,0,0,0,0,-0,0,0.212345,0.00371874,0.382722,-16.1944,22.2985,-3.70293,0.0364837,0.351955,0.113486,-60.2457,22.9938,-45.113,0.27602,-0.0511123,0.615379,0,-0,0,-0.0581392,0.756535,0.322643,0,-0,0,-0.315517,-0.230431,0.674111,
 ,3.73955e-15,-1.41342e-17,89.9988,0.315448,1.04738e-07,-8.738e-07,-96.3417,71.1117,-169.182,-0.283136,-0.390594,-0.217344,0,-0,0,0,0,0,0,-0,0,0.21417,0.00178481,0.395242,-11.4854,16.359,-2.01053,0.0270802,0.342884,0.0857966,-65.6414,17.3926,-45.4852,0.279928,0.0475068,0.630865,0,-0,0,-0.0253573,0.774745,0.24107,0,-0,0,-0.35773,-0.266365,0.742836,
 ,3.73955e-15,-1.41342e-17,89.9988,0.315448,2.88257e-07,-3.14396e-07,-99.3797,72.6038,-172.047,-0.273013,-0.395307,-0.230902,0,-0,0,0,0,0,0,-0,0,0.220396,0.00289583,0.405008,-8.25495,11.9722,-1.12414,0.0103294,0.336791,0.0833804,-72.8404,11.3565,-44.2299,0.277662,0.246925,0.567348,0,-0,0,-0.0225651,0.780886,0.194597,0,-0,0,-0.376333,-0.281428,0.793665,
 ,3.73955e-15,-1.41342e-17,89.9988,0.315448,-3.35696e-07,-4.13988e-08,-103.163,71.0126,-174.995,-0.27064,-0.399554,-0.22943,0,-0,0,0,0,0,0,-0,0,0.210407,-0.000537448,0.413588,-5.96965,8.74373,-0.643677,0.012014,0.332956,0.0764716,-81.2805,8.38389,-43.0154,0.289171,0.40229,0.455942,0,-0,0,-0.00860118,0.784703,0.158524,0,-0,0,-0.39505,-0.27977,0.831873,
 ,3.73955e-15,-1.41342e-17,89.9988,0.315448,-3.34921e-07,2.85439e-09,-104.07,71.2789,-175.574,-0.264186,-0.401906,-0.222609,0,-0,0,0,0,0,0,-0,0,0.201019,-0.00117743,0.41772,-4.33309,6.38148,-0.37772,0.0118974,0.330395,0.076731,-86.506,5.36703,-41.5549,0.279827,0.482789,0.357784,0,-0,0,-0.00190924,0.786262,0.136794,0,-0,0,-0.40008,-0.270151,0.855304,
 ,3.73955e-15,-1.41342e-17,89.9988,0.315448,-3.59482e-07,6.5161e-07,-104.442,71.1995,-176.688,-0.263421,-0.398754,-0.220094,0,-0,0,0,0,0,0,-0,0,0.196207,0.00307265,0.4155,-3.15131,4.65539,-0.227242,0.00666412,0.329095,0.0773184,-88.5856,2.55114,-40.5668,0.263174,0.524373,0.284986,0,-0,0,-0.00276808,0.787558,0.120827,0,-0,0,-0.404611,-0.245862,0.869267,
 ,3.73955e-15,-1.41342e-17,89.9988,0.315424,-3.47944e-06,5.89138e-05,-94.8669,71.6585,-167.25,-0.274592,-0.395868,-0.20688,0,-0,0,0,0,0,0,-0,0,0.208769,-0.00617063,0.397827,-2.30119,3.4055,-0.140866,0.0123602,0.32689,0.0868953,-91.4908,1.51763,-40.0506,0.252709,0.534306,0.233125,0,-0,0,0.00521212,0.786646,0.119031,0,-0,0,-0.40296,-0.244982,0.858845,
 ,3.73955e-15,-1.41342e-17,89.9988,0.315448,-3.74036e-07,2.48768e-07,-90.6286,72.8597,-164.793,-0.271187,-0.38481,-0.203664,0,-0,0,0,0,0,0,-0,0,0.207028,0.0155331,0.387522,-1.67101,2.47552,-0.0887474,0.0156962,0.32636,0.0849147,-93.4866,0.39973,-39.7076,0.240785,0.533488,0.200024,0,-0,0,0.0107909,0.787449,0.108469,0,-0,0,-0.410524,-0.249683,0.855969,
 ,3.73955e-15,-1.41342e-17,89.9988,0.315433,-2.69777e-05,7.66917e-05,-85.4406,75.0477,-160.459,-0.277559,-0.36592,-0.208639,0,-0,0,0,0,0,0,-0,0,0.219143,0.0171372,0.363993,-1.22344,1.81359,-0.0579202,0.0241487,0.328911,0.060553,-94.0024,-1.93313,-38.5158,0.203885,0.514001,0.182012,0,-0,0,0.0214164,0.791316,0.0781897,0,-0,0,-0.410311,-0.254912,0.835064,
 ,3.73955e-15,-1.41342e-17,89.9988,0.315446,-3.84767e-08,1.77336e-08,-90.7422,75.1864,-166.685,-0.288692,-0.3572,-0.213512,0,-0,0,0,0,0,0,-0,0,0.217706,0.00727182,0.356738,-0.887368,1.31593,-0.0381619,0.0324866,0.32914,0.0543029,-94.9247,-3.22509,-38.5536,0.203486,0.512017,0.165382,0,-0,0,0.030688,0.792042,0.0673356,0,-0,0,-0.412725,-0.261832,0.837498,
 ,3.73955e-15,-1.41342e-17,89.9988,0.315427,-4.47418e-05,5.83851e-05,-85.8568,74.4469,-161.961,-0.289006,-0.35376,-0.214758,0,-0,0,0,0,0,0,-0,0,0.227507,0.00865139,0.347302,-0.648363,0.961728,-0.025882,0.0371369,0.328875,0.0513161,-95.9299,-4.03138,-38.5668,0.211251,0.503767,0.15772,0,-0,0,0.0359238,0.792142,0.0608797,0,-0,0,-0.399937,-0.273698,0.8318,
 ,3.73955e-15,-1.41342e-17,89.9988,0.315448,3.06385e-07,2.47549e-07,-89.3477,73.6326,-164.893,-0.304894,-0.349321,-0.221585,0,-0,0,0,0,0,0,-0,0,0.232978,-0.00302828,0.342365,-0.471479,0.699463,-0.0177433,0.0479324,0.32853,0.0392789,-95.933,-4.34694,-38.9279,0.208687,0.487498,0.172434,0,-0,0,0.0472024,0.792084,0.0463831,0,-0,0,-0.395647,-0.288704,0.814126,
 ,3.73955e-15,-1.41342e-17,89.9988,0.315457,1.41241e-05,-0.000154017,-92.1147,71.3079,-167.302,-0.298057,-0.338857,-0.22826,0,-0,0,0,0,0,0,-0,0,0.233066,0.0109455,0.336161,-0.345616,0.512793,-0.0124444,0.0341945,0.331166,0.0147598,-93.6744,-7.33313,-39.3966,0.205965,0.482765,0.181669,0,-0,0,0.0338482,0.794967,0.020074,0,-0,0,-0.387444,-0.285654,0.811971,
 ,3.73955e-15,-1.41342e-17,89.9988,0.315447,-3.74009e-07,4.08859e-07,-62.1238,66.3366,-139.84,-0.29692,-0.376394,-0.154,0,-0,0,0,0,0,0,-0,0,0.232056,0.0118728,0.334418,-0.250547,0.371764,-0.00871327,0.0367587,0.331629,0.0056596,-92.8471,-8.62142,-39.6035,0.201833,0.482061,0.18741,0,-0,0,0.0366008,0.795494,0.00937508,0,-0,0,-0.393738,-0.290282,0.818878,
 ,3.73955e-15,-1.41342e-17,89.9988,0.315431,-7.9928e-06,-3.16712e-07,-64.6325,66.2309,-142.141,-0.302644,-0.37923,-0.160756,0,-0,0,0,0,0,0,-0,0,0.237246,0.00496696,0.33687,-0.183017,0.271576,-0.00620496,0.0355506,0.331499,0.00837654,-92.7889,-8.5191,-39.1854,0.198645,0.488015,0.19341,0,-0,0,0.0354358,0.795351,0.0110833,0,-0,0,-0.387443,-0.293715,0.817214,
 ,3.73955e-15,-1.41342e-17,89.9988,0.315444,-5.54679e-07,4.30181e-06,-65.4171,65.7313,-141.88,-0.302783,-0.39072,-0.157165,0,-0,0,0,0,0,0,-0,0,0.238934,-0.0035555,0.346953,-0.133122,0.197544,-0.00442742,0.0423392,0.331345,0.00367957,-92.6131,-8.67878,-38.7388,0.193757,0.483191,0.197748,0,-0,0,0.0422642,0.79523,0.00567225,0,-0,0,-0.379911,-0.295434,0.813665,
 ,3.73955e-15,-1.41342e-17,89.9988,0.315444,-6.55842e-07,2.32813e-06,-66.5557,63.2657,-140.555,-0.288688,-0.413957,-0.130875,0,-0,0,0,0,0,0,-0,0,0.226156,-0.0110696,0.371301,-0.0976318,0.144882,-0.00320226,0.0506199,0.330168,-0.00823598,-92.1198,-8.63994,-38.4549,0.182804,0.468666,0.209833,0,-0,0,0.0505945,0.794074,-0.00675531,0,-0,0,-0.377817,-0.299625,0.804771,
 ,3.73955e-15,-1.41342e-17,89.9988,0.315447,-2.89107e-07,4.21239e-07,-75.7261,63.9518,-145.534,-0.256213,-0.451405,-0.120442,0,-0,0,0,0,0,0,-0,0,0.199025,-0.0288161,0.425806,-0.070749,0.104991,-0.00229592,0.052277,0.33023,-0.00794363,-91.6582,-8.16236,-38.0483,0.172092,0.466358,0.232313,0,-0,0,0.0522593,0.794134,-0.00686752,0,-0,0,-0.37782,-0.312186,0.800787,
 ,3.73955e-15,-1.41342e-17,89.9988,0.31545,4.62999e-06,-1.91479e-06,-89.0055,63.1845,-152.981,-0.216982,-0.494235,-0.099141,0,-0,0,0,0,0,0,-0,0,0.150753,-0.0699644,0.485656,-0.0515996,0.0765744,-0.0016617,0.0762009,0.326971,0.00853372,-93.2293,-4.68859,-37.9597,0.175158,0.452841,0.261475,0,-0,0,0.0761477,0.790867,0.0093648,0,-0,0,-0.3684,-0.336371,0.768328,
 ,3.73955e-15,-1.41342e-17,89.9988,0.315446,-5.16407e-07,-8.75066e-07,-109.463,61.6041,-165.074,-0.139238,-0.567589,-0.108926,0,-0,0,0,0,0,0,-0,0,0.0848672,-0.12981,0.583641,-0.0375977,0.0557959,-0.00120398,0.0710024,0.327248,0.0146817,-92.596,-4.78805,-36.4545,0.140006,0.477178,0.264279,0,-0,0,0.0709752,0.791131,0.0152702,0,-0,0,-0.398685,-0.334856,0.792822,
 ,3.73955e-15,-1.41342e-17,89.9988,0.315451,-2.22577e-06,-4.4801e-06,-128.895,57.2414,-175.489,-0.0311417,-0.623972,-0.161917,0,-0,0,0,0,0,0,-0,0,0.0091208,-0.182754,0.68055,-0.0274213,0.0406941,-0.000874494,0.0639207,0.326348,-0.0241325,-89.1051,-9.23948,-37.9724,0.134015,0.478299,0.273836,0,-0,0,0.0639585,0.790277,-0.0235991,0,-0,0,-0.388073,-0.328369,0.783881,
 ,3.73955e-15,-1.41342e-17,89.9988,0.315448,-7.03441e-08,1.74889e-07,-140.518,52.4681,-178.666,0.0781652,-0.652024,-0.201333,0,-0,0,0,0,0,0,-0,0,-0.0716915,-0.240721,0.747423,-85.6437,-16.4077,-38.9859,-0.105559,0.420044,0.222752,-85.7449,-16.3934,-39.002,0.114489,0.499056,0.240592,0,-0,0,-0.548866,-0.345661,0.648056,0,-0,0,-0.399654,-0.309196,0.808909,
 ,3.73955e-15,-1.41342e-17,89.9988,0.315447,9.81684e-07,-4.46984e-07,-149.59,46.8786,-179.243,0.173792,-0.665766,-0.233818,0,-0,0,0,0,0,0,-0,0,-0.155226,-0.322601,0.778177,-68.0094,41.761,-44.2824,0.033625,0.200871,0.191189,-78.8701,-16.0579,-37.0556,0.155795,0.517643,0.117404,0,-0,0,-0.360024,0.197749,0.317139,0,-0,0,-0.416347,-0.068186,0.907287,
 ,3.73955e-15,-1.41342e-17,89.9988,0.315445,-6.50779e-06,3.52623e-06,-154.239,41.7712,-176.534,0.276999,-0.681376,-0.226385,0,-0,0,0,0,0,0,-0,0,-0.25529,-0.413454,0.789754,-65.6675,21.4957,-25.9328,0.0565849,0.372409,0.0129271,-58.4181,-6.78087,-29.6887,0.213533,0.502509,0.0656999,0,-0,0,-0.297688,0.414217,0.66525,0,-0,0,-0.283363,0.409928,0.857596,
 ,3.73955e-15,-1.41342e-17,89.9988,0.315447,5.29428e-06,-3.46133e-06,-156.83,40.2076,-171.182,0.357934,-0.675459,-0.216613,0,-0,0,0,0,0,0,-0,0,-0.288414,-0.500828,0.788067,-88.2391,-24,-42.1129,-0.0936761,0.488363,0.16895,-88.2412,-23.9922,-42.1187,0.105974,0.611263,0.18076,0,-0,0,-0.578161,-0.422355,0.656879,0,-0,0,-0.416125,-0.359835,0.76211,
 ,3.73955e-15,-1.41342e-17,89.9988,0.315457,3.38764e-05,1.53613e-06,-162.774,38.0477,-170.215,0.545463,-0.581765,-0.216328,0,-0,0,0,0,0,0,-0,0,-0.459043,-0.500042,0.818773,-70.4999,-30.0905,-45.1735,-0.192559,0.329372,0.24726,-70.5398,-30.0856,-45.1623,-0.0509589,0.519131,0.221065,0,-0,0,-0.480424,-0.390641,0.586712,0,-0,0,-0.502439,-0.304482,0.778788,
 ,3.73955e-15,-1.41342e-17,89.9988,0.315464,-1.09449e-05,1.06837e-05,-163.829,37.1247,-170.707,0.551751,-0.551307,-0.191246,0,-0,0,0,0,0,0,-0,0,-0.502815,-0.485595,0.786852,-64.7861,-29.1529,-45.8036,-0.23467,0.25018,0.309073,-64.7885,-29.1538,-45.8034,-0.105809,0.438655,0.26869,0,-0,0,-0.439418,-0.401524,0.553329,0,-0,0,-0.50878,-0.294598,0.762779,
 ,3.73955e-15,-1.41342e-17,89.9988,0.31545,7.62926e-07,4.73494e-06,-159.328,41.2311,-171.967,0.509036,-0.572797,-0.0831246,0,-0,0,0,0,0,0,-0,0,-0.506647,-0.444044,0.760255,-59.7156,-29.1957,-46.4528,-0.268607,0.206368,0.293503,-59.7239,-29.1934,-46.4512,-0.145853,0.398052,0.248337,0,-0,0,-0.442474,-0.369147,0.524876,0,-0,0,-0.524281,-0.245789,0.72425,
 ,3.73955e-15,-1.41342e-17,89.9988,0.315448,-3.4283e-07,1.84448e-07,-158.023,42.3076,-173.127,0.481048,-0.578381,-0.0610027,0,-0,0,0,0,0,0,-0,0,-0.500606,-0.420724,0.75008,-58.6112,-28.6393,-45.9857,-0.274199,0.181209,0.308614,-58.6121,-28.6386,-45.9855,-0.150271,0.366476,0.264687,0,-0,0,-0.426475,-0.368234,0.518757,0,-0,0,-0.513832,-0.238468,0.726936,
 ,3.73955e-15,-1.41342e-17,89.9988,0.315452,-1.771e-06,5.43495e-07,-159.082,41.5157,-173.894,0.46949,-0.551196,-0.0870975,0,-0,0,0,0,0,0,-0,0,-0.491002,-0.394322,0.740553,-58.9891,-27.6412,-45.7532,-0.26377,0.166536,0.310033,-58.99,-27.6407,-45.7528,-0.127994,0.347829,0.264623,0,-0,0,-0.419266,-0.358865,0.508495,0,-0,0,-0.498266,-0.219922,0.720443,
 ,3.73955e-15,-1.41342e-17,89.9988,0.315443,-7.02445e-06,-1.98149e-06,-161.56,40.8729,-175.27,0.46077,-0.553541,-0.118611,0,-0,0,0,0,0,0,-0,0,-0.481173,-0.403582,0.738856,-59.4822,-26.8279,-45.7456,-0.250793,0.160981,0.318906,-59.4822,-26.833,-45.746,-0.114026,0.332229,0.274333,0,-0,0,-0.411647,-0.356994,0.508113,0,-0,0,-0.48949,-0.218944,0.721607,
 ,3.73955e-15,-1.41342e-17,89.9988,0.315446,-3.15732e-06,7.88919e-07,-161.624,41.7525,-174.979,0.463006,-0.5528,-0.114137,0,-0,0,0,0,0,0,-0,0,-0.474674,-0.406366,0.742639,-59.373,-26.8073,-45.8411,-0.246203,0.159846,0.321648,-59.372,-26.8032,-45.8404,-0.108873,0.329643,0.27783,0,-0,0,-0.407415,-0.355866,0.510384,0,-0,0,-0.485826,-0.21764,0.725138,
 ,3.73955e-15,-1.41342e-17,89.9988,0.315458,-3.62322e-06,-1.77701e-05,-163.263,42.5086,-176.022,0.467408,-0.549056,-0.128265,0,-0,0,0,0,0,0,-0,0,-0.469134,-0.403343,0.751991,-60.7891,-27.0609,-45.3029,-0.227198,0.169682,0.324763,-60.7092,-27.0996,-45.3345,-0.0906181,0.340184,0.277409,0,-0,0,-0.396138,-0.355847,0.524349,0,-0,0,-0.473654,-0.219557,0.740862,
 ,3.73955e-15,-1.41342e-17,89.9988,0.315438,2.31032e-05,-1.72328e-05,-163.115,42.3282,-176.609,0.46868,-0.553063,-0.127194,0,-0,0,0,0,0,0,-0,0,-0.477032,-0.397135,0.754411,-61.6247,-27.013,-44.7428,-0.225148,0.190051,0.291999,-61.6268,-27.0106,-44.742,-0.0968383,0.358384,0.246975,0,-0,0,-0.419953,-0.331332,0.526744,0,-0,0,-0.493523,-0.204653,0.733862,
 ,3.73955e-15,-1.41342e-17,89.9988,0.315449,7.4441e-06,3.82558e-06,-159.766,42.0224,-175.011,0.469947,-0.549081,-0.100531,0,-0,0,0,0,0,0,-0,0,-0.486666,-0.379768,0.751595,-59.9231,-28.4496,-45.4948,-0.226669,0.206598,0.276852,-59.9278,-28.449,-45.4937,-0.106298,0.384071,0.232729,0,-0,0,-0.42825,-0.318749,0.540911,0,-0,0,-0.496499,-0.196324,0.726035,
 ,3.73955e-15,-1.41342e-17,89.9988,0.315418,2.14222e-05,-2.71779e-05,-159.118,42.0835,-175.436,0.47703,-0.582564,-0.0830377,0,-0,0,0,0,0,0,-0,0,-0.504445,-0.400064,0.759935,-59.233,-28.4373,-45.2653,-0.238729,0.217455,0.284655,-59.2219,-28.4392,-45.2736,-0.131619,0.398839,0.245291,0,-0,0,-0.43783,-0.323277,0.553246,0,-0,0,-0.512251,-0.210152,0.734343,
 ,3.73955e-15,-1.41342e-17,89.9988,0.315448,1.93462e-05,4.5064e-06,-149.781,41.2736,-169.409,0.48844,-0.566745,0.020764,0,-0,0,0,0,0,0,-0,0,-0.537479,-0.387295,0.739545,-53.7657,-33.835,-48.4137,-0.284474,0.236748,0.221538,-53.7762,-33.8257,-48.4068,-0.185149,0.423384,0.179241,0,-0,0,-0.468789,-0.319488,0.546863,0,-0,0,-0.55478,-0.20696,0.711681,
 ,3.73955e-15,-1.41342e-17,89.9988,0.315447,-2.25297e-06,-2.48669e-06,-156.576,42.1224,-173.314,0.489465,-0.610599,-0.045772,0,-0,0,0,0,0,0,-0,0,-0.517683,-0.43302,0.765027,-58.6006,-30.1541,-46.0862,-0.270604,0.224987,0.290992,-58.5989,-30.1555,-46.087,-0.162143,0.425217,0.25132,0,-0,0,-0.445218,-0.360647,0.551523,0,-0,0,-0.529342,-0.247517,0.742617,
 ,3.73955e-15,-1.41342e-17,89.9988,0.315444,2.32604e-06,-1.97242e-06,-157.39,41.7994,-173.099,0.493872,-0.614116,-0.0521552,0,-0,0,0,0,0,0,-0,0,-0.517398,-0.449059,0.763913,-58.3326,-30.1024,-46.3411,-0.270314,0.226258,0.297105,-58.333,-30.1026,-46.3408,-0.168426,0.415844,0.259282,0,-0,0,-0.444395,-0.364104,0.554617,0,-0,0,-0.540788,-0.255685,0.75356,
 ,3.73955e-15,-1.41342e-17,89.9988,0.315513,-3.09378e-05,3.10522e-05,-160.555,41.6518,-174.902,0.481569,-0.598182,-0.0902899,0,-0,0,0,0,0,0,-0,0,-0.501699,-0.440775,0.756992,-61.1566,-27.833,-45.023,-0.270969,0.200743,0.321613,-61.1683,-27.8198,-45.0212,-0.152903,0.40361,0.277926,0,-0,0,-0.435002,-0.385463,0.529879,0,-0,0,-0.528091,-0.265195,0.747657,
 ,3.73955e-15,-1.41342e-17,89.9988,0.315337,0.000110146,-5.65882e-05,-161.737,41.4151,-175.857,0.486795,-0.594423,-0.107036,0,-0,0,0,0,0,0,-0,0,-0.505338,-0.434391,0.763044,-60.595,-28.092,-45.2865,-0.240832,0.22135,0.302625,-60.602,-28.0852,-45.2841,-0.134563,0.402349,0.262883,0,-0,0,-0.436574,-0.34925,0.553699,0,-0,0,-0.523806,-0.239374,0.751656,
 ,3.73955e-15,-1.41342e-17,89.9988,0.315447,4.63986e-07,-8.86086e-08,-157.839,40.6459,-172.639,0.500214,-0.615715,-0.0568294,0,-0,0,0,0,0,0,-0,0,-0.525244,-0.465292,0.757269,-58.1779,-30.8935,-46.5995,-0.282889,0.230027,0.296293,-58.1783,-30.8927,-46.5992,-0.186162,0.422633,0.255278,0,-0,0,-0.447319,-0.377765,0.553663,0,-0,0,-0.552983,-0.271512,0.75413,
 ,3.73955e-15,-1.41342e-17,89.9988,0.315441,-5.96219e-06,4.52079e-05,-160.534,40.6434,-173.722,0.494229,-0.60737,-0.0835196,0,-0,0,0,0,0,0,-0,0,-0.51424,-0.470061,0.751083,-60.761,-28.9696,-45.749,-0.257603,0.232926,0.319496,-60.7517,-28.98,-45.7534,-0.15553,0.416907,0.284054,0,-0,0,-0.439203,-0.383461,0.56036,0,-0,0,-0.532014,-0.282179,0.763659,
 ,3.73955e-15,-1.41342e-17,89.9988,0.315461,-4.37477e-06,1.03159e-05,-157.581,40.9575,-172.695,0.483979,-0.593935,-0.0571212,0,-0,0,0,0,0,0,-0,0,-0.512656,-0.441318,0.745241,-57.9496,-30.2938,-46.8439,-0.28901,0.200677,0.305242,-57.9675,-30.2842,-46.8388,-0.175525,0.400774,0.25879,0,-0,0,-0.435342,-0.385767,0.529134,0,-0,0,-0.539727,-0.262808,0.73916,
 ,3.73955e-15,-1.41342e-17,89.9988,0.31545,-2.827e-06,1.60106e-06,-157.747,41.667,-174.276,0.457254,-0.56366,-0.0614606,0,-0,0,0,0,0,0,-0,0,-0.499708,-0.39185,0.729728,-57.151,-31.0961,-47.0645,-0.269942,0.189648,0.288693,-57.149,-31.098,-47.0657,-0.149491,0.376778,0.23441,0,-0,0,-0.418061,-0.360789,0.5276,0,-0,0,-0.509456,-0.227262,0.719184,
 ,3.73955e-15,-1.41342e-17,89.9988,0.315455,-7.09074e-06,-8.42918e-06,-162.053,42.3056,-178.8,0.444751,-0.565278,-0.109223,0,-0,0,0,0,0,0,-0,0,-0.487994,-0.370669,0.742134,-60.9202,-26.9585,-44.7817,-0.237805,0.182309,0.287661,-60.9259,-26.9557,-44.7786,-0.106696,0.362867,0.239162,0,-0,0,-0.425757,-0.329791,0.516596,0,-0,0,-0.484565,-0.197722,0.703729,
 ,3.73955e-15,-1.41342e-17,89.9988,0.315449,-1.45289e-05,-6.46902e-06,-162.283,42.1598,-178.452,0.442301,-0.554966,-0.125114,0,-0,0,0,0,0,0,-0,0,-0.474609,-0.366096,0.745281,-61.3403,-25.8857,-44.9263,-0.223561,0.179225,0.291613,-61.1257,-26.8177,-44.7262,-0.093955,0.356359,0.243359,0,-0,0,-0.422319,-0.318901,0.513004,0,-0,0,-0.473952,-0.194175,0.708741,
 ,3.73955e-15,-1.41342e-17,89.9988,0.315449,-9.26643e-07,1.04576e-07,-161.464,41.8471,-177.334,0.445342,-0.55218,-0.112514,0,-0,0,0,0,0,0,-0,0,-0.480173,-0.372279,0.737692,-59.0922,-28.4846,-45.9086,-0.24254,0.1708,0.291186,-59.0923,-28.4849,-45.9084,-0.10846,0.347271,0.237607,0,-0,0,-0.410133,-0.337814,0.513931,0,-0,0,-0.481007,-0.196961,0.70541,
 ,3.73955e-15,-1.41342e-17,89.9988,0.315434,-4.61985e-05,-1.02596e-05,-164.594,41.9669,-179.521,0.438382,-0.546069,-0.143176,0,-0,0,0,0,0,0,-0,0,-0.469581,-0.369249,0.739543,-49.158,28.5279,-60.2052,-0.143214,-0.0636934,0.358718,-61.8112,-25.8506,-44.6394,-0.0766533,0.343148,0.256256,0,-0,0,-0.538465,-0.0388645,0.131764,0,-0,0,-0.463946,-0.194619,0.715443,
 ,3.73955e-15,-1.41342e-17,89.9988,0.315447,-5.25096e-06,-1.15741e-06,-166.394,41.838,178.841,0.4282,-0.548141,-0.168494,0,-0,0,0,0,0,0,-0,0,-0.458059,-0.368129,0.74373,-51.8225,28.677,-57.9661,-0.131986,-0.0642007,0.364159,-63.5944,-24.3853,-43.6484,-0.0666653,0.333601,0.257218,0,-0,0,-0.531705,-0.0360623,0.154949,0,-0,0,-0.459283,-0.192918,0.714642,
 ,3.73955e-15,-1.41342e-17,89.9988,0.315459,8.61989e-05,4.27922e-05,-161.806,41.6839,-178.089,0.433138,-0.553168,-0.121319,0,-0,0,0,0,0,0,-0,0,-0.472578,-0.367173,0.734643,-56.22,25.538,-58.1733,-0.136068,-0.0111589,0.350759,-59.8824,-27.2755,-45.4499,-0.102399,0.333848,0.230542,0,-0,0,-0.562144,-0.0317504,0.168688,0,-0,0,-0.486086,-0.184397,0.698529,
 ,3.73955e-15,-1.41342e-17,89.9988,0.315449,-8.85573e-06,5.06778e-06,-161.843,41.8965,-178.275,0.436893,-0.550477,-0.122422,0,-0,0,0,0,0,0,-0,0,-0.473896,-0.360934,0.738883,-56.9886,23.8255,-59.3001,-0.121593,0.0181447,0.339651,-59.8214,-27.4154,-46.0316,-0.0840198,0.353597,0.239757,0,-0,0,-0.568678,-0.0235305,0.183347,0,-0,0,-0.475759,-0.185307,0.709557,
 ,3.73955e-15,-1.41342e-17,89.9988,0.315448,2.49094e-06,4.5288e-07,-163.286,41.9688,-179.323,0.440065,-0.550643,-0.135342,0,-0,0,0,0,0,0,-0,0,-0.47459,-0.360907,0.744118,-47.3059,23.4261,-59.2998,-0.140749,-0.00975132,0.329361,-61.3433,-26.1395,-45.3984,-0.0745239,0.353695,0.234258,0,-0,0,-0.552816,-0.0135268,0.161458,0,-0,0,-0.475336,-0.179091,0.702864,
 ,3.73955e-15,-1.41342e-17,89.9988,0.315448,1.20635e-06,3.58404e-07,-163.491,42.1944,-179.234,0.439098,-0.542155,-0.138165,0,-0,0,0,0,0,0,-0,0,-0.469009,-0.355754,0.743418,-51.4896,23.4653,-59.87,-0.129845,0.00855956,0.331478,-61.9767,-26.1718,-45.6514,-0.0583846,0.35988,0.228949,0,-0,0,-0.565095,-0.0136713,0.169215,0,-0,0,-0.475505,-0.174837,0.711859,
 ,3.73955e-15,-1.41342e-17,89.9988,0.315425,9.79263e-06,-1.2698e-05,-164.876,42.2384,179.818,0.436764,-0.552901,-0.155667,0,-0,0,0,0,0,0,-0,0,-0.461767,-0.367156,0.75135,-53.5249,22.6267,-58.7144,-0.126188,0.0147441,0.332101,-63.0285,-25.4812,-45.0155,-0.0486095,0.352943,0.239743,0,-0,0,-0.564106,-0.0173194,0.186307,0,-0,0,-0.461774,-0.180345,0.716411,
 ,3.73955e-15,-1.41342e-17,89.9988,0.315428,-3.46023e-06,-2.18689e-05,-163.096,42.3566,-179.118,0.439468,-0.552918,-0.135536,0,-0,0,0,0,0,0,-0,0,-0.468349,-0.362768,0.748232,-53.1296,22.7966,-59.6213,-0.124618,0.0199327,0.337919,-62.2531,-26.8328,-45.54,-0.0550578,0.369659,0.233244,0,-0,0,-0.571943,-0.019454,0.184617,0,-0,0,-0.469466,-0.183158,0.723324,
 ,3.73955e-15,-1.41342e-17,89.9988,0.31546,-6.54041e-06,-3.10856e-06,-161.639,42.9362,-178.456,0.443798,-0.550642,-0.105181,0,-0,0,0,0,0,0,-0,0,-0.481245,-0.355812,0.741264,-57.7408,24.7643,-60.2342,-0.115683,0.0141489,0.345592,-60.6589,-28.0708,-46.0034,-0.077415,0.365597,0.220817,0,-0,0,-0.572203,-0.0260476,0.177264,0,-0,0,-0.475955,-0.1812,0.706319,
 ,3.73955e-15,-1.41342e-17,89.9988,0.315447,1.29395e-07,-1.39101e-06,-162.19,42.8692,-179.128,0.443618,-0.56129,-0.109218,0,-0,0,0,0,0,0,-0,0,-0.483819,-0.362548,0.744704,-57.4146,23.9773,-58.9368,-0.109856,0.0177297,0.34977,-60.99,-27.548,-45.9245,-0.0733222,0.367692,0.228858,0,-0,0,-0.569129,-0.0265115,0.199188,0,-0,0,-0.477198,-0.184142,0.713467,
 ,3.73955e-15,-1.41342e-17,89.9988,0.315407,3.39935e-05,-2.06059e-05,-163.824,43.0403,-179.9,0.443754,-0.573072,-0.122931,0,-0,0,0,0,0,0,-0,0,-0.478355,-0.380367,0.750585,-58.8072,16.347,-58.2812,-0.119272,0.0598101,0.337206,-62.3841,-25.8101,-45.39,-0.0707056,0.361523,0.239581,0,-0,0,-0.570837,-0.0649106,0.24088,0,-0,0,-0.483434,-0.190493,0.714437,
 ,3.73955e-15,-1.41342e-17,89.9988,0.315449,1.04588e-05,3.83081e-06,-157.782,42.6392,-174.759,0.460703,-0.55606,-0.055446,0,-0,0,0,0,0,0,-0,0,-0.501766,-0.375981,0.73408,-58.7127,-29.4001,-47.2394,-0.242765,0.203647,0.247761,-58.7409,-29.4888,-47.1966,-0.117392,0.366412,0.201846,0,-0,0,-0.448738,-0.316214,0.513872,0,-0,0,-0.522915,-0.190488,0.702969,
 ,3.73955e-15,-1.41342e-17,89.9988,0.315439,2.85944e-05,2.45429e-06,-144.55,41.6999,-166.376,0.479835,-0.555694,0.093987,0,-0,0,0,0,0,0,-0,0,-0.549893,-0.383522,0.719944,-72.4245,23.7536,-62.0394,-0.118606,0.122344,0.378331,-49.3226,-36.249,-52.7481,-0.177704,0.422446,0.159884,0,-0,0,-0.675008,-0.0599479,0.195961,0,-0,0,-0.567077,-0.204461,0.704002,
 ,3.73955e-15,-1.41342e-17,89.9988,0.315445,2.7671e-06,-3.59566e-07,-138.064,40.248,-162.358,0.50395,-0.566228,0.174679,0,-0,0,0,0,0,0,-0,0,-0.585938,-0.410101,0.727545,-74.2857,20.5325,-65.6276,-0.110574,0.200245,0.408085,-44.7504,-39.1453,-55.7505,-0.222213,0.49862,0.139148,0,-0,0,-0.748034,-0.101324,0.208946,0,-0,0,-0.596883,-0.232371,0.706403,
 ,3.73955e-15,-1.41342e-17,89.9988,0.315447,2.36589e-07,-3.38806e-07,-136.778,39.6238,-161.414,0.512513,-0.57383,0.18939,0,-0,0,0,0,0,0,-0,0,-0.592472,-0.423665,0.733918,-43.9664,-39.5375,-56.7501,-0.293493,0.332746,0.176442,-43.8685,-39.7187,-56.7778,-0.229694,0.539961,0.142553,0,-0,0,-0.525185,-0.321905,0.609646,0,-0,0,-0.603038,-0.247476,0.71409,
 ,3.73955e-15,-1.41342e-17,89.9988,0.315447,-6.65679e-06,-1.86076e-06,-149.265,44.8468,-176.942,0.424824,-0.675417,0.0874275,0,-0,0,0,0,0,0,-0,0,-0.567273,-0.388791,0.744154,-56.4563,11.7386,-37.2849,0.101082,0.250165,0.0543205,-35.3205,-25.2082,-43.1579,0.133825,0.427022,0.24213,0,-0,0,-0.355864,0.363086,0.514361,0,-0,0,-0.360003,0.352153,0.785269,
 ,3.73955e-15,-1.41342e-17,89.9988,0.315449,-2.71571e-06,-2.58018e-06,-95.9574,56.4732,-138.245,0.280184,-0.463049,0.227011,0,-0,0,0,0,0,0,-0,0,-0.264362,-0.0890081,0.736844,-84.4174,4.26847,-35.4258,0.0523849,0.282343,0.0890104,-27.5054,-16.0039,-32.7392,0.293594,0.31108,0.154832,0,-0,0,-0.432724,0.0105387,0.693315,0,-0,0,-0.12278,0.628299,0.548494,
 ,3.73955e-15,-1.41342e-17,89.9988,0.315446,-3.60272e-06,-2.94453e-06,-55.4703,48.7929,-108.328,0.154385,-0.317591,0.294775,0,-0,0,0,0,0,0,-0,0,-0.120499,0.0541337,0.625351,-87.8412,7.67845,-33.6953,0.0919292,0.264165,0.0770825,-20.844,-10.1313,-24.4584,0.348257,0.281946,0.0751055,0,-0,0,-0.39455,0.00357962,0.747575,0,-0,0,0.0212749,0.743424,0.360642,
 ,3.73955e-15,-1.41342e-17,89.9988,0.315449,4.54763e-08,-1.28251e-06,-35.4433,37.4356,-96.5361,0.0639078,-0.232717,0.305859,0,-0,0,0,0,0,0,-0,0,-0.036632,0.121509,0.524894,-93.8937,6.81171,-31.8295,0.108564,0.345048,-0.00383787,-15.6513,-6.5522,-18.2176,0.347571,0.27578,0.000388636,0,-0,0,-0.347334,-0.00699423,0.77146,0,-0,0,0.098217,0.784016,0.208724,
 ,3.73955e-15,-1.41342e-17,89.9988,0.315448,-1.72476e-06,-5.88764e-07,-83.7128,63.4587,-123.734,0.262663,-0.550776,0.153394,0,-0,0,0,0,0,0,-0,0,-0.0750175,-0.106074,0.799745,-88.5839,11.7546,-35.8836,0.164292,0.231784,0.0751332,-11.6087,-4.28953,-13.4452,0.302165,0.310704,-0.0174525,0,-0,0,-0.308073,0.00449179,0.69386,0,-0,0,0.112158,0.811985,0.14037,
 ,3.73955e-15,-1.41342e-17,89.9988,0.315447,-1.36069e-06,-2.25461e-06,-152.451,56.8092,-177.606,0.402307,-0.630117,-0.0881522,0,-0,0,0,0,0,0,-0,0,-0.31367,-0.289113,0.873312,-87.4082,13.2732,-36.487,0.184149,0.189605,0.101938,-8.55078,-2.85555,-9.87265,0.276256,0.322949,-0.0289862,0,-0,0,-0.352761,0.0131956,0.767407,0,-0,0,0.135638,0.818734,0.0869218,
 ,3.73955e-15,-1.41342e-17,89.9988,0.315457,3.22556e-06,5.80522e-06,-172.996,42.7681,174.672,0.446409,-0.552634,-0.243474,0,-0,0,0,0,0,0,-0,0,-0.450935,-0.381889,0.801309,-90.7564,11.8992,-35.8117,0.190062,0.348896,0.0297981,-6.27859,-1.93562,-7.23459,0.260538,0.331948,-0.0410652,0,-0,0,-0.348172,0.0322286,0.809757,0,-0,0,0.156765,0.822457,0.043823,
 ,3.73955e-15,-1.41342e-17,89.9988,0.315447,9.42222e-07,-9.92344e-08,-170.877,42.4267,177.704,0.467723,-0.556956,-0.211862,0,-0,0,0,0,0,0,-0,0,-0.474763,-0.402916,0.794885,-91.0718,9.11689,-34.2714,0.144774,0.30043,0.0283987,-4.60976,-1.33594,-5.30459,0.22019,0.3571,-0.0137754,0,-0,0,-0.376383,0.0164963,0.810304,0,-0,0,0.142986,0.836497,0.0502782,
 ,3.73955e-15,-1.41342e-17,89.9988,0.315447,3.58241e-07,3.87619e-07,-170.884,41.6521,177.901,0.473954,-0.549466,-0.22028,0,-0,0,0,0,0,0,-0,0,-0.482967,-0.397635,0.797469,-92.3131,8.2319,-34.0838,0.145755,0.380209,-0.00153144,-3.36728,-0.930136,-3.8713,0.211452,0.360599,-0.0114289,0,-0,0,-0.372437,0.0224242,0.818138,0,-0,0,0.155097,0.83626,0.035228,
 ,3.73955e-15,-1.41342e-17,89.9988,0.315446,3.38332e-07,-5.78217e-07,-168.276,42.2262,-179.292,0.490201,-0.571743,-0.18214,0,-0,0,0,0,0,0,-0,0,-0.492421,-0.429107,0.796694,-92.3214,5.42998,-33.9083,0.118168,0.441117,-0.0146495,-2.46077,-0.655578,-2.82733,0.166141,0.382182,0.0199754,0,-0,0,-0.406557,0.0200369,0.822955,0,-0,0,0.124429,0.851653,0.0551674,
 ,3.73955e-15,-1.41342e-17,89.9988,0.315445,1.40703e-06,-3.06142e-07,-164.37,43.7767,178.675,0.460817,-0.621459,-0.114785,0,-0,0,0,0,0,0,-0,0,-0.51464,-0.404617,0.790338,-86.3155,7.26156,-34.6418,0.10216,0.313954,0.0731918,-56.8088,-28.2373,-36.6288,0.0992925,0.436814,0.216958,0,-0,0,-0.387866,0.0227171,0.732215,0,-0,0,-0.300533,0.0869191,0.877551,
 ,3.73955e-15,-1.41342e-17,89.9988,0.315448,-7.77001e-07,4.77973e-07,-165.011,42.8579,-179.659,0.467711,-0.592164,-0.124103,0,-0,0,0,0,0,0,-0,0,-0.510192,-0.410455,0.775238,-85.5356,8.21995,-34.6967,0.110589,0.287113,0.0819966,-42.5644,-17.2859,-29.3756,0.326127,0.33114,0.162444,0,-0,0,-0.368887,0.0262248,0.715635,0,-0,0,-0.052757,0.501888,0.714242,
 ,3.73955e-15,-1.41342e-17,89.9988,0.315448,-3.56838e-08,6.12929e-07,-163.624,43.4433,179.93,0.454666,-0.593914,-0.101714,0,-0,0,0,0,0,0,-0,0,-0.512616,-0.392494,0.767376,-84.4493,7.89306,-35.0412,0.108477,0.273088,0.0858023,-31.7649,-10.5437,-22.6776,0.355437,0.295614,0.0411231,0,-0,0,-0.367279,0.0322413,0.70087,0,-0,0,0.0420604,0.694409,0.469997,
 ,3.73955e-15,-1.41342e-17,89.9988,0.31545,-1.94452e-05,-1.31912e-05,-163.811,43.7946,178.243,0.44567,-0.607741,-0.105189,0,-0,0,0,0,0,0,-0,0,-0.51134,-0.382804,0.773374,-84.4567,8.3774,-34.8229,0.109449,0.270194,0.0834613,-23.5678,-6.48749,-17.139,0.317303,0.313643,-0.0194096,0,-0,0,-0.35987,0.036218,0.696765,0,-0,0,0.0714083,0.777768,0.309162,
 ,3.73955e-15,-1.41342e-17,89.9988,0.315446,-1.67682e-06,-5.05182e-06,-163.378,44.8724,171.7,0.38665,-0.651507,-0.0986909,0,-0,0,0,0,0,0,-0,0,-0.510527,-0.331222,0.774638,-84.4317,8.93972,-34.3209,0.10975,0.268179,0.0827819,-17.3487,-4.03613,-12.7521,0.26637,0.338126,-0.0378177,0,-0,0,-0.353491,0.0398368,0.699169,0,-0,0,0.0799018,0.815754,0.209228,
 ,3.73955e-15,-1.41342e-17,89.9988,0.315474,-2.13956e-05,1.95165e-05,-160.888,46.0326,171.751,0.373436,-0.664182,-0.0613853,0,-0,0,0,0,0,0,-0,0,-0.514868,-0.320122,0.769393,-83.8828,7.88076,-34.6266,0.102351,0.269486,0.0837328,-12.7861,-2.57865,-9.45781,0.20899,0.363283,-0.0348624,0,-0,0,-0.360884,0.0392676,0.690708,0,-0,0,0.0686055,0.837591,0.15118,
 ,3.73955e-15,-1.41342e-17,89.9988,0.315446,-2.85646e-07,2.94742e-06,-161.833,45.8774,170.789,0.368935,-0.672379,-0.0629747,0,-0,0,0,0,0,0,-0,0,-0.519196,-0.327181,0.765994,-83.662,8.90799,-36.6324,0.119305,0.251003,0.112758,-9.32566,-1.66336,-6.92571,0.176928,0.376718,-0.011856,0,-0,0,-0.354819,0.0146119,0.66164,0,-0,0,0.0738977,0.846771,0.124859,
 ,3.73955e-15,-1.41342e-17,89.9988,0.315449,6.16054e-07,2.7348e-07,130.578,8.90279,133.897,0.371483,-0.217869,-0.674169,0,-0,0,0,0,0,0,-0,0,-0.538601,-0.346825,0.773791,-84.994,6.01468,-35.7737,0.102503,0.294839,0.0893133,-6.81922,-1.10178,-5.07692,0.130347,0.389608,0.0113647,0,-0,0,-0.38751,0.0125582,0.704666,0,-0,0,0.0545143,0.854367,0.112562,
 ,3.73955e-15,-1.41342e-17,89.9988,0.315444,1.82179e-06,-2.32779e-06,128.645,9.05898,134.504,0.386879,-0.202023,-0.679314,0,-0,0,0,0,0,0,-0,0,-0.537414,-0.369569,0.776523,-77.7217,9.09373,-32.4173,0.159222,0.237492,0.0203888,-4.99096,-0.745473,-3.72178,0.117182,0.391592,0.0371325,0,-0,0,-0.24209,0.161673,0.658426,0,-0,0,0.0619224,0.854801,0.111145,
 ,3.73955e-15,-1.41342e-17,89.9988,0.315448,-4.65067e-07,-5.87416e-07,126.464,6.77546,133.968,0.390005,-0.162502,-0.688338,0,-0,0,0,0,0,0,-0,0,-0.532054,-0.366914,0.776194,-77.9541,8.2511,-32.3807,0.155037,0.239184,0.0209268,-3.63976,-0.510903,-2.71713,0.107999,0.393024,0.0478209,0,-0,0,-0.246156,0.155371,0.658895,0,-0,0,0.0676765,0.856345,0.101816,
 ,3.73955e-15,-1.41342e-17,89.9988,0.315448,3.57924e-07,-1.91847e-07,131.979,4.90052,133.07,0.326385,-0.202081,-0.716624,0,-0,0,0,0,0,0,-0,0,-0.536386,-0.337653,0.76883,-56.4887,10.6385,-22.9034,0.249179,0.165038,-0.113747,-2.65304,-0.355,-1.98199,0.0953554,0.395466,0.0480236,0,-0,0,0.00601326,0.468936,0.500642,0,-0,0,0.0658714,0.859014,0.0874784,
 ,3.73955e-15,-1.41342e-17,89.9988,0.315451,-1.50797e-06,-5.81757e-06,117.273,-23.7459,146.953,0.208937,0.0496983,-0.61828,0,-0,0,0,0,0,0,-0,0,-0.626448,-0.205279,0.474454,-40.7432,10.109,-15.774,0.253999,0.13865,-0.195995,-1.93846,-0.250187,-1.44889,0.121805,0.390576,0.0411952,0,-0,0,0.113658,0.60815,0.288596,0,-0,0,0.100339,0.855408,0.0697393,
 ,3.73955e-15,-1.41342e-17,89.9988,0.315448,-1.424e-06,-1.00512e-09,85.6031,-44.5974,-179.88,0.0536395,0.272505,-0.33625,0,-0,0,0,0,0,0,-0,0,-0.499316,-0.000787085,0.272482,-29.3369,8.52162,-10.7937,0.244801,0.15076,-0.233761,-1.41149,-0.177239,-1.05538,0.143385,0.385284,0.038096,0,-0,0,0.158616,0.670473,0.13295,0,-0,0,0.127835,0.850489,0.0586673,
 ,3.73955e-15,-1.41342e-17,89.9988,0.31545,-7.34553e-07,-4.89773e-07,105.309,-23.9769,153.377,0.219256,0.198412,-0.547256,0,-0,0,0,0,0,0,-0,0,-0.573263,-0.222308,0.490524,-87.142,10.885,-33.0067,0.132064,0.238424,0.0828838,-1.03234,-0.127035,-0.772078,0.171425,0.375423,0.0275701,0,-0,0,-0.338998,0.0184011,0.749485,0,-0,0,0.160155,0.840953,0.0424036,
 ,3.73955e-15,-1.41342e-17,89.9988,0.315444,3.48477e-06,-1.38832e-06,110.351,-1.64867,142.91,0.406585,0.102299,-0.610917,0,-0,0,0,0,0,0,-0,0,-0.535067,-0.37785,0.694378,-93.5568,5.30323,-32.7544,0.117118,0.400136,-0.0120725,-0.75066,-0.0909719,-0.561513,0.155348,0.38537,0.0332918,0,-0,0,-0.387742,-0.00306439,0.824898,0,-0,0,0.147073,0.850233,0.0441974,
 ,3.73955e-15,-1.41342e-17,89.9988,0.315446,9.5713e-07,-1.15253e-06,114.633,12.0934,138.747,0.517306,-0.0301309,-0.624187,0,-0,0,0,0,0,0,-0,0,-0.508315,-0.457041,0.796101,-86.933,6.38219,-35.5098,0.118731,0.311438,0.0968836,-0.54727,-0.0655859,-0.409424,0.113644,0.393156,0.046757,0,-0,0,-0.372683,-0.0174799,0.716743,0,-0,0,0.107572,0.857353,0.0548232,
 ,3.73955e-15,-1.41342e-17,89.9988,0.315448,2.28694e-07,1.10351e-06,127.439,8.16088,135.593,0.388626,-0.169999,-0.705133,0,-0,0,0,0,0,0,-0,0,-0.530412,-0.391374,0.785735,-85.5325,3.78653,-34.2531,0.0793483,0.321081,0.0887408,-0.399025,-0.0474282,-0.298546,0.0791955,0.398492,0.0488815,0,-0,0,-0.404832,-0.00523631,0.730787,0,-0,0,0.0747438,0.862426,0.0548282,
 ,3.73955e-15,-1.41342e-17,89.9988,0.315448,5.8628e-07,7.11971e-07,125.83,8.77202,135.599,0.405659,-0.157273,-0.686559,0,-0,0,0,0,0,0,-0,0,-0.535118,-0.387898,0.790539,-84.8907,3.95982,-33.8393,0.0743851,0.312693,0.0866477,-0.290898,-0.0343679,-0.217661,0.0821613,0.398323,0.0421126,0,-0,0,-0.404426,0.00632215,0.731649,0,-0,0,0.0789092,0.862299,0.0464453,
 ,3.73955e-15,-1.41342e-17,89.9988,0.315447,-1.87459e-07,6.36592e-07,118.869,10.4194,136.17,0.433733,-0.11427,-0.65088,0,-0,0,0,0,0,0,-0,0,-0.500354,-0.445315,0.753535,-61.919,8.11618,-24.6793,0.219876,0.194028,-0.0718118,-0.212082,-0.0249456,-0.158696,0.0890456,0.39297,0.0801735,0,-0,0,-0.0640829,0.396605,0.570037,0,-0,0,0.0867061,0.856805,0.0833051,
 ,3.73955e-15,-1.41342e-17,89.9988,0.315448,-2.37429e-06,1.09692e-06,119.409,6.90495,135.566,0.441266,-0.0792314,-0.676576,0,-0,0,0,0,0,0,-0,0,-0.514529,-0.413502,0.78124,-88.3885,7.94394,-34.4475,0.121751,0.315702,0.0806639,-0.15461,-0.0181267,-0.115695,0.114203,0.387006,0.088041,0,-0,0,-0.370175,-0.00886288,0.744275,0,-0,0,0.11251,0.850891,0.0902983,
 ,3.73955e-15,-1.41342e-17,89.9988,0.315464,8.48774e-06,1.1589e-05,125.238,10.5367,135.706,0.423899,-0.15696,-0.601863,0,-0,0,0,0,0,0,-0,0,-0.525919,-0.342269,0.74604,-82.0876,5.16641,-33.8545,0.0642642,0.272633,0.0832749,-0.112717,-0.0131839,-0.0843485,0.0801333,0.39926,0.0330746,0,-0,0,-0.378796,0.0435712,0.671593,0,-0,0,0.0788786,0.86321,0.0347599,
 ,3.73955e-15,-1.41342e-17,89.9988,0.315449,-2.42508e-08,4.45274e-07,128.045,16.9315,138.027,0.456056,-0.213405,-0.514824,0,-0,0,0,0,0,0,-0,0,-0.539868,-0.330403,0.717688,-77.4284,1.83848,-34.4023,0.0170358,0.254438,0.0791192,-46.5923,-27.9591,-48.7294,0.154627,0.400729,0.108223,0,-0,0,-0.40531,0.0700888,0.618205,0,-0,0,-0.433185,0.215689,0.74095,
 ,3.73955e-15,-1.41342e-17,89.9988,0.315445,-3.2809e-06,-4.41558e-06,119.794,14.8197,138.642,0.492936,-0.115484,-0.568523,0,-0,0,0,0,0,0,-0,0,-0.519162,-0.405295,0.752124,-57.7523,-39.2374,-46.7929,-0.0327711,0.293117,0.0766948,-57.8154,-39.3106,-46.8303,0.0644229,0.475338,0.0285083,0,-0,0,-0.396441,-0.0944664,0.643464,0,-0,0,-0.477802,0.00465802,0.811354,
 ,3.73955e-15,-1.41342e-17,89.9988,0.315458,-2.23177e-06,4.6924e-06,123.103,7.21554,135.369,0.408464,-0.106642,-0.647418,0,-0,0,0,0,0,0,-0,0,-0.510074,-0.361201,0.759117,-84.7039,7.86962,-34.7913,0.107876,0.276974,0.0832255,-44.0908,-24.4939,-37.4254,0.283905,0.342254,0.104059,0,-0,0,-0.361362,0.0304627,0.69772,0,-0,0,-0.197525,0.441532,0.712271,
 ,3.73955e-15,-1.41342e-17,89.9988,0.315448,-1.38861e-06,3.50639e-07,125.758,1.52044,132.764,0.336477,-0.085952,-0.681612,0,-0,0,0,0,0,0,-0,0,-0.494219,-0.31413,0.753058,-84.616,9.81058,-34.651,0.113693,0.255696,0.0878677,-33.4125,-15.1962,-28.9657,0.355732,0.275656,0.05129,0,-0,0,-0.341808,0.0338565,0.679674,0,-0,0,-0.0318631,0.649838,0.502796,
 ,3.73955e-15,-1.41342e-17,89.9988,0.315415,2.10834e-05,-2.07664e-05,124.059,0.247402,132.428,0.355768,-0.0812444,-0.711255,0,-0,0,0,0,0,0,-0,0,-0.517642,-0.339539,0.771814,-85.425,10.9938,-37.8917,0.152236,0.256823,0.116388,-25.1186,-9.51707,-22.0171,0.333987,0.299236,0.0186472,0,-0,0,-0.348156,0.00306472,0.676521,0,-0,0,0.0262349,0.747629,0.366742,
 ,3.73955e-15,-1.41342e-17,89.9988,0.315451,3.39246e-06,-5.42742e-07,129.668,2.5758,132.96,0.307352,-0.13927,-0.711658,0,-0,0,0,0,0,0,-0,0,-0.502946,-0.329167,0.754501,-85.0192,10.1684,-36.8726,0.13812,0.269257,0.120173,-18.6091,-5.98193,-16.416,0.280347,0.326937,-0.0095381,0,-0,0,-0.356723,0.00154401,0.687087,0,-0,0,0.044186,0.798546,0.2539,
 ,3.73955e-15,-1.41342e-17,89.9988,0.315447,-1.57712e-07,-1.24515e-06,127.338,4.51457,132.974,0.366467,-0.138479,-0.708362,0,-0,0,0,0,0,0,-0,0,-0.517606,-0.346238,0.785059,-86.0766,9.41307,-35.6827,0.131147,0.28333,0.0928593,-13.7294,-3.83959,-12.1572,0.239969,0.346795,-0.0123861,0,-0,0,-0.360022,0.0143271,0.712273,0,-0,0,0.0628846,0.8229,0.183939,
 ,3.73955e-15,-1.41342e-17,89.9988,0.315447,2.53043e-06,-6.59204e-07,127.386,-1.82805,131.638,0.309805,-0.0848356,-0.759395,0,-0,0,0,0,0,0,-0,0,-0.517496,-0.331032,0.79093,-85.1797,9.30623,-36.3257,0.131531,0.280359,0.113318,-10.0906,-2.5141,-8.95586,0.196649,0.364296,-0.00567352,0,-0,0,-0.364892,0.00395115,0.701823,0,-0,0,0.0650131,0.837071,0.140302,
 ,3.73955e-15,-1.41342e-17,89.9988,0.31545,-1.88227e-06,3.28804e-06,127.478,7.24309,134.054,0.383207,-0.157107,-0.686944,0,-0,0,0,0,0,0,-0,0,-0.52731,-0.351001,0.790421,-85.1658,6.95468,-34.7081,0.103092,0.297173,0.0868399,-7.39598,-1.67806,-6.574,0.159404,0.377414,-0.00238021,0,-0,0,-0.380909,0.0197844,0.720672,0,-0,0,0.0619407,0.847463,0.105776,
 ,3.73955e-15,-1.41342e-17,89.9988,0.315458,-1.37988e-05,7.06764e-06,129.458,6.66192,133.57,0.335937,-0.156444,-0.671413,0,-0,0,0,0,0,0,-0,0,-0.501337,-0.321786,0.764868,-86.1254,9.49187,-34.1085,0.108142,0.256502,0.0793801,-5.41203,-1.14008,-4.81521,0.17919,0.37051,0.0059843,0,-0,0,-0.337843,0.0219423,0.679075,0,-0,0,0.108604,0.842403,0.0836419,
 ,3.73955e-15,-1.41342e-17,89.9988,0.315447,-9.65486e-07,3.93994e-07,129.499,3.24923,132.521,0.307348,-0.11381,-0.683282,0,-0,0,0,0,0,0,-0,0,-0.484233,-0.293132,0.763631,-84.8076,13.1206,-38.9395,0.174026,0.194922,0.104327,-3.95954,-0.78737,-3.52517,0.194367,0.364885,0.00634827,0,-0,0,-0.29686,0.0186989,0.624899,0,-0,0,0.143112,0.836856,0.0623176,
 ,3.73955e-15,-1.41342e-17,89.9988,0.31545,4.77931e-06,1.50158e-06,133.796,10.3472,134.412,0.351708,-0.212823,-0.603973,0,-0,0,0,0,0,0,-0,0,-0.51918,-0.271302,0.741103,-79.9369,7.04062,-34.5731,0.0724157,0.243088,0.0902576,-2.8872,-0.549091,-2.57162,0.121076,0.387488,-0.0220953,0,-0,0,-0.367523,0.0685109,0.646761,0,-0,0,0.0825443,0.856024,0.020258,
 ,3.73955e-15,-1.41342e-17,89.9988,0.315404,-3.83713e-05,-4.50318e-05,126.273,7.76809,134.624,0.386858,-0.135242,-0.659999,0,-0,0,0,0,0,0,-0,0,-0.513806,-0.34261,0.777477,-84.6325,10.8177,-36.7071,0.136203,0.246805,0.116265,-2.11278,-0.388619,-1.88242,0.153785,0.378289,0.0268209,0,-0,0,-0.343363,0.00987502,0.668984,0,-0,0,0.126164,0.845239,0.0571614,
 ,3.73955e-15,-1.41342e-17,89.9988,0.315449,-6.04962e-07,-1.41237e-07,120.885,9.22984,135.263,0.386072,-0.0908424,-0.643658,0,-0,0,0,0,0,0,-0,0,-0.457363,-0.400172,0.746094,-83.5303,13.9143,-39.8378,0.190248,0.206242,0.159788,-1.5375,-0.275689,-1.37016,0.170718,0.371825,0.036188,0,-0,0,-0.314631,-0.0142241,0.64376,0,-0,0,0.150858,0.838311,0.0579798,
 ,3.73955e-15,-1.41342e-17,89.9988,0.315449,-3.21141e-06,-1.20534e-06,117.217,11.962,138.568,0.461525,-0.0247809,-0.60933,0,-0,0,0,0,0,0,-0,0,-0.465192,-0.412583,0.775114,-88.0938,12.6494,-36.3588,0.171542,0.208841,0.113695,-1.12298,-0.197623,-1.00091,0.189353,0.365349,0.0193111,0,-0,0,-0.373025,-0.00701533,0.774701,0,-0,0,0.174891,0.831918,0.0350396,
 ,3.73955e-15,-1.41342e-17,89.9988,0.315454,-4.13802e-06,3.83856e-06,116.69,11.3108,138.86,0.447099,0.0225191,-0.588733,0,-0,0,0,0,0,0,-0,0,-0.444649,-0.378313,0.782173,-90.21,13.2873,-35.9614,0.186912,0.170106,0.0822118,-0.81794,-0.14194,-0.729105,0.216989,0.352321,-0.0193196,0,-0,0,-0.356008,-0.00329643,0.795714,0,-0,0,0.206537,0.819116,-0.00813613,
 ,3.73955e-15,-1.41342e-17,89.9988,0.315451,4.86308e-06,2.18787e-06,119.233,12.7265,139.052,0.450324,-0.0219477,-0.566216,0,-0,0,0,0,0,0,-0,0,-0.470875,-0.354791,0.772402,-88.6611,11.1432,-35.6539,0.155752,0.157298,0.0626369,-0.597488,-0.102629,-0.532638,0.199049,0.364108,-0.0242989,0,-0,0,-0.366404,0.0263434,0.770249,0,-0,0,0.191303,0.83003,-0.0159835,
 ,3.73955e-15,-1.41342e-17,89.9988,0.315441,3.76967e-06,6.16384e-07,127.719,9.77892,135.888,0.408372,-0.174849,-0.662969,0,-0,0,0,0,0,0,-0,0,-0.542877,-0.360659,0.78626,-85.1497,7.28755,-35.3544,0.0932437,0.267343,0.0814881,-0.434958,-0.0741451,-0.38777,0.118575,0.388417,0.0295921,0,-0,0,-0.388215,0.0266332,0.698363,0,-0,0,0.112843,0.852834,0.0359106,
 ,3.73955e-15,-1.41342e-17,89.9988,0.315452,-2.74592e-06,3.28886e-06,129.714,1.10566,131.588,0.308474,-0.152038,-0.718246,0,-0,0,0,0,0,0,-0,0,-0.536959,-0.310294,0.766961,-61.8541,10.8463,-25.2777,0.213382,0.167011,-0.0894203,-0.317071,-0.0537502,-0.282684,0.0947386,0.393491,0.037985,0,-0,0,-0.0582821,0.402195,0.53517,0,-0,0,0.0905438,0.857624,0.0426443,
 ,3.73955e-15,-1.41342e-17,89.9988,0.315451,-2.39038e-06,-9.94344e-07,131.767,4.29839,132.499,0.303207,-0.192755,-0.698048,0,-0,0,0,0,0,0,-0,0,-0.527597,-0.318892,0.753262,-44.635,10.7616,-17.439,0.252423,0.155232,-0.170864,-0.231514,-0.039088,-0.206412,0.0968915,0.392017,0.055065,0,-0,0,0.0861934,0.584807,0.356044,0,-0,0,0.0938331,0.856041,0.0584568,
 ,3.73955e-15,-1.41342e-17,89.9988,0.315448,1.7229e-07,-5.11397e-07,128.454,1.21981,131.921,0.320561,-0.12469,-0.72117,0,-0,0,0,0,0,0,-0,0,-0.522758,-0.316884,0.778775,-85.3846,9.59855,-36.3124,0.125194,0.278882,0.0993757,-0.168526,-0.0283684,-0.150257,0.121905,0.385316,0.0601927,0,-0,0,-0.365781,0.0169868,0.694216,0,-0,0,0.119707,0.849345,0.0626364,
 ,3.73955e-15,-1.41342e-17,89.9988,0.315449,-8.56846e-07,7.57572e-07,121.031,10.3159,139.259,0.427371,-0.0645122,-0.62224,0,-0,0,0,0,0,0,-0,0,-0.496221,-0.388974,0.755511,-85.5675,9.06833,-34.9746,0.119898,0.288797,0.0814929,-0.12287,-0.0206381,-0.109552,0.123052,0.386349,0.0572204,0,-0,0,-0.364431,0.0312147,0.717855,0,-0,0,0.121451,0.850383,0.0589938,
 ,3.73955e-15,-1.41342e-17,89.9988,0.315425,-0.000108968,-4.64176e-05,105.402,14.5292,148.173,0.507004,0.185439,-0.518275,0,-0,0,0,0,0,0,-0,0,-0.451597,-0.471955,0.743228,-96.6041,7.60622,-33.6362,0.130648,0.356067,-0.0164219,-0.0897219,-0.0150465,-0.0799975,0.177156,0.368749,0.0624205,0,-0,0,-0.377354,-0.0267238,0.813613,0,-0,0,0.176004,0.832794,0.0636803,
 ,3.73955e-15,-1.41342e-17,89.9988,0.315446,-3.70078e-06,-6.68001e-07,-144.752,17.3872,-155.048,0.462179,-0.586599,-0.164127,0,-0,0,0,0,0,0,-0,0,-0.383779,-0.532105,0.733771,-105.266,8.27221,-31.7583,0.135791,0.304586,-0.077077,-0.0653077,-0.0109394,-0.0582299,0.213639,0.349226,0.102004,0,-0,0,-0.363072,-0.102686,0.872547,0,-0,0,0.212834,0.813219,0.102891,
 ,3.73955e-15,-1.41342e-17,89.9988,0.315412,-4.65763e-05,-2.90305e-05,-146.589,12.1551,-157.498,0.346677,-0.634024,-0.225576,0,-0,0,0,0,0,0,-0,0,-0.308942,-0.535243,0.709224,-91.9618,-26.4835,-23.4131,-0.0299855,0.378633,0.24836,-90.2542,-26.3331,-23.421,0.116703,0.513288,0.240039,0,-0,0,-0.213913,-0.40894,0.748804,0,-0,0,-0.126343,-0.337885,0.892975,
 ,3.73955e-15,-1.41342e-17,89.9988,0.315448,5.94544e-07,-1.70252e-06,-143.562,10.0697,-156.722,0.268503,-0.652113,-0.200808,0,-0,0,0,0,0,0,-0,0,-0.233672,-0.519821,0.68886,-96.2878,19.914,-38.9761,0.309836,0.253275,0.268392,-86.5838,-21.2289,-38.469,0.146231,0.491393,0.234056,0,-0,0,-0.27913,-0.264226,0.714812,0,-0,0,-0.363583,-0.341569,0.862296,
 ,3.73955e-15,-1.41342e-17,89.9988,0.315448,-1.50505e-06,8.9806e-08,-136.596,12.3139,-158.49,0.130912,-0.680127,-0.126244,0,-0,0,0,0,0,0,-0,0,-0.129724,-0.46879,0.660202,-94.6491,-20.4007,-38.2419,-0.00953492,0.408129,0.130743,-94.6829,-20.3942,-38.2323,0.191989,0.499171,0.140578,0,-0,0,-0.467288,-0.367295,0.651246,0,-0,0,-0.383229,-0.364455,0.868778,
 ,3.73955e-15,-1.41342e-17,89.9988,0.315447,-6.38257e-07,-3.37025e-07,-123.357,21.8033,-158.015,-0.0105246,-0.671058,-0.0123453,0,-0,0,0,0,0,0,-0,0,-0.0201647,-0.386,0.6252,-50.4189,-17.387,-50.4742,-0.0183965,0.124544,0.555279,-91.8771,-8.11281,-38.7522,0.23144,0.480237,0.261624,0,-0,0,-0.276571,-0.286668,0.702342,0,-0,0,-0.373049,-0.346293,0.874804,
 ,3.73955e-15,-1.41342e-17,89.9988,0.315449,4.52475e-07,-2.38392e-06,-108.34,33.4463,-159.803,-0.209348,-0.606842,0.0479276,0,-0,0,0,0,0,0,-0,0,0.0775113,-0.292222,0.536096,-58.9778,-14.6836,-40.5654,0.0916424,0.352314,0.355836,87.6536,27.1359,-124.524,-0.312519,0.355879,0.000461541,0,-0,0,-0.360849,-0.0435117,0.825854,0,-0,0,-0.443397,-0.25734,0.713708,
 ,3.73955e-15,-1.41342e-17,89.9988,0.315448,-7.37435e-07,-2.02292e-07,-92.264,41.3662,-150.19,-0.239954,-0.533754,0.0460868,0,-0,0,0,0,0,0,-0,0,0.123152,-0.189393,0.490785,-63.2281,-18.1903,-40.0068,0.0937876,0.407534,0.28408,73.391,0.227308,-96.6029,-0.298154,-0.0194451,0.2721,0,-0,0,-0.362815,-0.052638,0.824187,0,-0,0,-0.408283,0.159912,0.410135,
 ,3.73955e-15,-1.41342e-17,89.9988,0.31545,-3.2064e-07,2.12091e-08,-84.2437,42.2252,-144.004,-0.222693,-0.509861,0.0302909,0,-0,0,0,0,0,0,-0,0,0.154605,-0.134315,0.474418,-62.1539,-19.9471,-40.7392,0.0920822,0.418339,0.280778,55.5837,-12.8707,-72.1392,-0.0699504,-0.091651,0.400512,0,-0,0,-0.380357,-0.0455663,0.848746,0,-0,0,-0.277106,0.41803,0.228754,
 ,3.73955e-15,-1.41342e-17,89.9988,0.31545,1.20437e-06,-1.73418e-06,-81.0743,46.4479,-143.115,-0.272211,-0.502201,-0.00516427,0,-0,0,0,0,0,0,-0,0,0.19202,-0.12653,0.447879,-55.4412,-22.2727,-42.3898,0.051554,0.411147,0.313439,39.433,-16.7235,-51.6968,0.0949063,0.00664231,0.41375,0,-0,0,-0.407798,-0.0194813,0.863266,0,-0,0,-0.178241,0.591201,0.142498,
 ,3.73955e-15,-1.41342e-17,89.9988,0.315449,9.3703e-08,-1.70149e-06,-78.7193,52.3956,-142.525,-0.285454,-0.502338,-0.0626348,0,-0,0,0,0,0,0,-0,0,0.223328,-0.102566,0.44336,-48.0794,-20.5924,-43.8381,0.0137953,0.398639,0.394722,27.2375,-15.884,-36.4281,0.151926,0.0857075,0.399183,0,-0,0,-0.430824,0.00251128,0.876222,0,-0,0,-0.0870779,0.674674,0.147363,
 ,3.73955e-15,-1.41342e-17,89.9988,0.315448,8.29634e-07,-6.55603e-07,-63.6589,61.1325,-130.49,-0.257118,-0.495507,-0.113348,0,-0,0,0,0,0,0,-0,0,0.26431,-0.0583324,0.433604,-37.0628,-8.40009,-48.345,0.0198387,0.284418,0.530726,18.7739,-13.3596,-25.6672,0.184665,0.15222,0.365411,0,-0,0,-0.498697,0.0669404,0.815171,0,-0,0,-0.0132867,0.723383,0.154118,
 ,3.73955e-15,-1.41342e-17,89.9988,0.315456,5.87131e-06,-6.45613e-06,-51.5011,69.6902,-122.51,-0.237326,-0.473812,-0.179461,0,-0,0,0,0,0,0,-0,0,0.292571,-0.0150947,0.42052,115.052,25.3739,-133.356,0.119466,0.501503,-0.312937,116.489,26.7148,-133.214,-0.038424,0.498584,-0.442161,0,-0,0,-0.57256,-0.311449,0.784453,0,-0,0,-0.342868,-0.319977,0.854841,
 ,3.73955e-15,-1.41342e-17,89.9988,0.315448,-1.8816e-07,-2.02765e-08,-33.4465,70.7243,-106.269,-0.228847,-0.469976,-0.190317,0,-0,0,0,0,0,0,-0,0,0.320445,-0.00696725,0.402617,-31.6492,2.95818,-38.3428,0.0379479,0.0929141,0.661261,98.3667,55.5926,-150.931,-0.0447429,0.557217,0.092113,0,-0,0,-0.348814,0.053161,0.789442,0,-0,0,-0.333651,-0.188057,0.950726,
 ,3.73955e-15,-1.41342e-17,89.9988,0.315448,-8.88919e-06,3.29376e-05,-38.1075,67.1259,-112.997,-0.265582,-0.459798,-0.166939,0,-0,0,0,0,0,0,-0,0,0.309297,-0.0029422,0.383607,-25.8415,7.50954,-35.5646,-0.0255733,-0.255504,0.663873,68.6754,41.9922,-155.304,-0.207074,0.491468,0.218664,0,-0,0,-0.226265,-0.14129,0.642448,0,-0,0,-0.254431,-0.232803,0.781446,
 ,3.73955e-15,-1.41342e-17,89.9988,0.315447,1.04764e-06,9.19245e-07,-40.7323,61.9861,-114.437,-0.278563,-0.466471,-0.123332,0,-0,0,0,0,0,0,-0,0,0.299557,-0.0186163,0.380488,-12.4431,30.6642,-47.2592,0.0745691,-0.309176,0.578255,73.744,25.783,-137.607,-0.305139,0.360934,0.208378,0,-0,0,-0.359656,0.0681412,0.485001,0,-0,0,-0.385928,-0.18365,0.79096,
 ,3.73955e-15,-1.41342e-17,89.9988,0.315447,3.05875e-07,-1.29288e-06,-45.9918,60.5645,-118.419,-0.269355,-0.472346,-0.105634,0,-0,0,0,0,0,0,-0,0,0.283641,-0.0180531,0.395415,-25.8356,46.3197,-34.9211,0.0585821,-0.467311,0.442673,-38.7358,28.2153,-29.5819,0.285488,-0.370252,0.504921,0,-0,0,-0.322684,-0.0352503,0.319695,0,-0,0,-0.0353075,-0.212845,0.539582,
 ,3.73955e-15,-1.41342e-17,89.9988,0.315447,9.5212e-06,-1.12985e-05,-48.4393,61.7506,-120.41,-0.27201,-0.481346,-0.105009,0,-0,0,0,0,0,0,-0,0,0.276552,-0.0277481,0.410073,-59.2262,-0.97768,-14.6014,0.039015,0.422924,0.317008,-39.3288,26.432,-30.346,0.287167,-0.478458,0.503354,0,-0,0,-0.173994,0.156217,0.88788,0,-0,0,0.0095402,-0.264335,0.516299,
 ,3.73955e-15,-1.41342e-17,89.9988,0.315447,-1.61952e-07,-2.21441e-06,-49.4635,65.7345,-119.79,-0.238028,-0.498175,-0.124012,0,-0,0,0,0,0,0,-0,0,0.272192,-0.0174773,0.444306,-51.935,-1.32401,-7.37046,0.028681,0.466626,0.131697,-15.6793,27.7064,-11.9296,0.318382,0.035425,0.611483,0,-0,0,-0.0878598,0.465899,0.81193,0,-0,0,-0.0999001,0.361204,0.764279,
 ,3.73955e-15,-1.41342e-17,89.9988,0.315448,-9.54153e-07,2.67272e-06,-49.4957,62.9575,-119.553,-0.252965,-0.491583,-0.110588,0,-0,0,0,0,0,0,-0,0,0.274609,-0.0204584,0.429801,-53.3508,-2.73142,-3.96431,0.0141119,0.468336,0.110379,-10.5772,20.5352,-7.7124,0.278779,0.252428,0.437169,0,-0,0,-0.0450555,0.465299,0.814183,0,-0,0,0.0153045,0.647772,0.601745,
 ,3.73955e-15,-1.41342e-17,89.9988,0.315447,-6.40926e-07,2.54307e-06,-52.8319,59.9945,-122.269,-0.269648,-0.484116,-0.0865551,0,-0,0,0,0,0,0,-0,0,0.260684,-0.0293304,0.422014,-34.0571,32.7057,-17.4182,0.101175,0.321121,0.373846,-34.0652,32.7105,-17.4238,0.323603,0.315338,0.369673,0,-0,0,-0.318531,0.511323,0.635073,0,-0,0,-0.13628,0.498926,0.762089,
 ,3.73955e-15,-1.41342e-17,89.9988,0.315448,-3.26858e-07,5.18391e-07,-53.8888,58.6415,-122.686,-0.262803,-0.479006,-0.0756701,0,-0,0,0,0,0,0,-0,0,0.252006,-0.0245969,0.421211,-20.0009,25.0218,-9.07746,0.07806,0.30019,0.349508,-20.0081,25.0289,-9.0819,0.297368,0.298283,0.380789,0,-0,0,-0.187343,0.618366,0.54274,0,-0,0,-0.00405947,0.60814,0.666696,
 ,3.73955e-15,-1.41342e-17,89.9988,0.315448,-3.21014e-08,-1.62367e-06,-70.7278,65.2634,-139.165,-0.258966,-0.45545,-0.151584,0,-0,0,0,0,0,0,-0,0,0.2378,-0.0148369,0.423827,-13.9135,18.5722,-5.59567,0.0510058,0.337742,0.205877,-13.9157,18.5746,-5.5968,0.264265,0.342158,0.2687,0,-0,0,-0.0915576,0.734396,0.374024,0,-0,0,0.0891915,0.728294,0.50338,
 ,3.73955e-15,-1.41342e-17,89.9988,0.315435,-2.39357e-06,1.42871e-05,-67.5669,64.8242,-137.319,-0.269326,-0.442991,-0.138688,0,-0,0,0,0,0,0,-0,0,0.234461,-0.0198794,0.404629,-9.86421,13.6826,-3.58405,0.0394229,0.338446,0.128543,-9.86712,13.6863,-3.58539,0.247802,0.343603,0.20654,0,-0,0,-0.0409175,0.770397,0.258146,0,-0,0,0.142352,0.766888,0.384361,
 ,3.73955e-15,-1.41342e-17,89.9988,0.315448,-4.78616e-07,7.33683e-07,-62.8567,62.8242,-134.853,-0.277905,-0.425635,-0.130463,0,-0,0,0,0,0,0,-0,0,0.239471,-0.00947226,0.377821,-65.5074,-6.46158,-0.919885,0.00491718,0.495948,0.183757,0.807544,32.8778,-0.848942,0.290269,-0.0639668,0.523817,0,-0,0,0.0103847,0.229917,0.94779,0,-0,0,-0.0454524,0.41267,0.588392,
 ,3.73955e-15,-1.41342e-17,89.9988,0.315447,-9.33295e-08,-2.64917e-07,-59.3551,61.5232,-133.189,-0.297372,-0.411895,-0.126098,0,-0,0,0,0,0,0,-0,0,0.246704,-0.011733,0.353639,-47.7855,-4.69086,-1.41929,0.0253903,0.42529,0.0603437,0.638964,24.0095,-0.645031,0.287207,0.198795,0.39726,0,-0,0,0.00828242,0.553307,0.699088,0,-0,0,0.0938765,0.67114,0.469262,
 ,3.73955e-15,-1.41342e-17,89.9988,0.315448,-5.65621e-07,-7.99438e-07,-56.4654,62.7646,-130.279,-0.288199,-0.413399,-0.136248,0,-0,0,0,0,0,0,-0,0,0.257828,-0.0108365,0.351479,-34.8283,-3.32667,-1.43333,0.029325,0.376689,0.0133458,0.486372,17.5024,-0.490459,0.263494,0.286206,0.28601,0,-0,0,0.00904954,0.68305,0.490896,0,-0,0,0.159034,0.755192,0.343881,
 ,3.73955e-15,-1.41342e-17,89.9988,0.31545,-8.02439e-08,-1.81803e-06,-57.1656,63.3134,-130.524,-0.278246,-0.414357,-0.141821,0,-0,0,0,0,0,0,-0,0,0.257523,-0.00412691,0.35609,-25.4163,-2.35057,-1.2505,0.0257041,0.353006,-0.00171677,0.367425,12.7837,-0.370259,0.244008,0.315637,0.224211,0,-0,0,0.00779185,0.739003,0.349057,0,-0,0,0.183385,0.7828,0.266689,
 ,3.73955e-15,-1.41342e-17,89.9988,0.315448,1.56454e-08,3.36807e-07,-56.9692,62.017,-130.073,-0.279941,-0.412957,-0.129471,0,-0,0,0,0,0,0,-0,0,0.251214,-0.00440852,0.354387,-18.5099,-1.66006,-1.01589,0.0334088,0.343396,0.00920701,0.274417,9.30012,-0.276406,0.246759,0.317986,0.194629,0,-0,0,0.0193483,0.763222,0.264646,0,-0,0,0.208335,0.784161,0.227588,
 ,3.73955e-15,-1.41342e-17,89.9988,0.315447,-2.99537e-07,1.1081e-06,-58.9571,61.622,-133.011,-0.292145,-0.402152,-0.126002,0,-0,0,0,0,0,0,-0,0,0.242342,-0.00612136,0.345674,-13.4964,-1.17909,-0.794441,0.0327664,0.337447,0.0109188,0.204052,6.77986,-0.205466,0.239671,0.323999,0.175741,0,-0,0,0.0218729,0.777133,0.197294,0,-0,0,0.21444,0.789463,0.199664,
 ,3.73955e-15,-1.41342e-17,89.9988,0.315448,-5.16831e-07,2.99562e-07,-58.5803,61.097,-134.351,-0.298913,-0.391488,-0.125707,0,-0,0,0,0,0,0,-0,0,0.239447,0.00102166,0.334717,-9.83946,-0.841494,-0.606887,0.029742,0.334842,0.016,0.150979,4.9424,-0.151992,0.234099,0.328816,0.163239,0,-0,0,0.0215131,0.784572,0.151998,0,-0,0,0.217069,0.793806,0.180529,
 ,3.73955e-15,-1.41342e-17,89.9988,0.315447,-3.69315e-07,-1.63179e-07,-56.1989,62.3774,-132.152,-0.293695,-0.391045,-0.131227,0,-0,0,0,0,0,0,-0,0,0.243968,0.00267184,0.333279,-7.1736,-0.603327,-0.456823,0.0261388,0.333444,0.0284119,0.111284,3.6028,-0.112013,0.227207,0.329659,0.167531,0,-0,0,0.0200787,0.787756,0.127574,0,-0,0,0.214682,0.794346,0.179837,
 ,3.73955e-15,-1.41342e-17,89.9988,0.315448,-4.28125e-07,-2.90704e-07,-55.7444,62.1386,-131.367,-0.296623,-0.391355,-0.133733,0,-0,0,0,0,0,0,-0,0,0.249696,-0.000391528,0.330222,-5.23027,-0.434271,-0.340556,0.0293208,0.33184,0.0385925,0.0817931,2.62639,-0.0823202,0.229211,0.327791,0.168448,0,-0,0,0.0248831,0.78908,0.110799,0,-0,0,0.220115,0.792267,0.177592,
 ,3.73955e-15,-1.41342e-17,89.9988,0.315448,-1.77729e-07,-3.47321e-07,-58.4693,62.7757,-134.916,-0.293527,-0.386413,-0.13843,0,-0,0,0,0,0,0,-0,0,0.241033,0.00956478,0.332855,-3.81286,-0.313519,-0.252186,0.0229051,0.33132,0.04169,0.0599862,1.91453,-0.0603679,0.218249,0.331509,0.171603,0,-0,0,0.0196321,0.790781,0.0943788,0,-0,0,0.211556,0.795819,0.177939,
 ,3.73955e-15,-1.41342e-17,89.9988,0.315452,-9.62097e-07,3.30408e-06,-57.3608,61.8732,-133.149,-0.288387,-0.389231,-0.134268,0,-0,0,0,0,0,0,-0,0,0.243567,0.0103804,0.332906,-2.78378,-0.227247,-0.186177,0.0198757,0.330455,0.0497696,0.0440037,1.39822,-0.0442813,0.216043,0.332215,0.172215,0,-0,0,0.0174966,0.791067,0.0882269,0,-0,0,0.211161,0.796413,0.176809,
 ,3.73955e-15,-1.41342e-17,89.9988,0.315448,-7.60692e-08,-6.56721e-07,-55.2266,61.6661,-132.289,-0.298962,-0.38291,-0.13162,0,-0,0,0,0,0,0,-0,0,0.245136,0.00811998,0.322564,-2.02898,-0.164735,-0.136786,0.028849,0.329373,0.0527238,0.0321684,1.01881,-0.0323699,0.226281,0.328877,0.168006,0,-0,0,0.0271059,0.790973,0.0807038,0,-0,0,0.22281,0.792996,0.17155,
 ,3.73955e-15,-1.41342e-17,89.9988,0.315447,-4.62101e-07,-4.47437e-07,-55.8246,62.9039,-133.011,-0.296804,-0.382791,-0.138962,0,-0,0,0,0,0,0,-0,0,0.245321,0.0101767,0.325444,-1.64199,-0.13294,-0.111146,0.0248576,0.329575,0.0512892,0.0260794,0.824574,-0.0262422,0.219206,0.331474,0.169824,0,-0,0,0.0234401,0.79172,0.0739537,0,-0,0,0.216378,0.795544,0.172595,
 ,3.73955e-15,-1.41342e-17,89.9988,0.315447,-4.62101e-07,-4.47437e-07,-55.8246,62.9039,-133.011,-0.296804,-0.382791,-0.138962,0,-0,0,0,0,0,0,-0,0,0.245321,0.0101767,0.325444,-1.64199,-0.13294,-0.111146,0.0248576,0.329575,0.0512892,0.0260794,0.824574,-0.0262422,0.219206,0.331474,0.169824,0,-0,0,0.0234401,0.79172,0.0739537,0,-0,0,0.216378,0.795544,0.172595,
 ,3.73955e-15,-1.41342e-17,89.9988,0.315447,-4.62101e-07,-4.47437e-07,-55.8246,62.9039,-133.011,-0.296804,-0.382791,-0.138962,0,-0,0,0,0,0,0,-0,0,0.245321,0.0101767,0.325444,-1.64199,-0.13294,-0.111146,0.0248576,0.329575,0.0512892,0.0260794,0.824574,-0.0262422,0.219206,0.331474,0.169824,0,-0,0,0.0234401,0.79172,0.0739537,0,-0,0,0.216378,0.795544,0.172595,
 ,3.73955e-15,-1.41342e-17,89.9988,0.315447,-4.62101e-07,-4.47437e-07,-55.8246,62.9039,-133.011,-0.296804,-0.382791,-0.138962,0,-0,0,0,0,0,0,-0,0,0.245321,0.0101767,0.325444,-1.64199,-0.13294,-0.111146,0.0248576,0.329575,0.0512892,0.0260794,0.824574,-0.0262422,0.219206,0.331474,0.169824,0,-0,0,0.0234401,0.79172,0.0739537,0,-0,0,0.216378,0.795544,0.172595,
 ,3.73955e-15,-1.41342e-17,89.9988,0.315447,-4.62101e-07,-4.47437e-07,-55.8246,62.9039,-133.011,-0.296804,-0.382791,-0.138962,0,-0,0,0,0,0,0,-0,0,0.245321,0.0101767,0.325444,-1.64199,-0.13294,-0.111146,0.0248576,0.329575,0.0512892,0.0260794,0.824574,-0.0262422,0.219206,0.331474,0.169824,0,-0,0,0.0234401,0.79172,0.0739537,0,-0,0,0.216378,0.795544,0.172595,
 ,3.73955e-15,-1.41342e-17,89.9988,0.315447,-4.62101e-07,-4.47437e-07,-55.8246,62.9039,-133.011,-0.296804,-0.382791,-0.138962,0,-0,0,0,0,0,0,-0,0,0.245321,0.0101767,0.325444,-1.64199,-0.13294,-0.111146,0.0248576,0.329575,0.0512892,0.0260794,0.824574,-0.0262422,0.219206,0.331474,0.169824,0,-0,0,0.0234401,0.79172,0.0739537,0,-0,0,0.216378,0.795544,0.172595,
 ,3.73955e-15,-1.41342e-17,89.9988,0.315447,-4.62101e-07,-4.47437e-07,-55.8246,62.9039,-133.011,-0.296804,-0.382791,-0.138962,0,-0,0,0,0,0,0,-0,0,0.245321,0.0101767,0.325444,-1.64199,-0.13294,-0.111146,0.0248576,0.329575,0.0512892,0.0260794,0.824574,-0.0262422,0.219206,0.331474,0.169824,0,-0,0,0.0234401,0.79172,0.0739537,0,-0,0,0.216378,0.795544,0.172595,
 ,3.73955e-15,-1.41342e-17,89.9988,0.315447,-4.62101e-07,-4.47437e-07,-55.8246,62.9039,-133.011,-0.296804,-0.382791,-0.138962,0,-0,0,0,0,0,0,-0,0,0.245321,0.0101767,0.325444,-1.64199,-0.13294,-0.111146,0.0248576,0.329575,0.0512892,0.0260794,0.824574,-0.0262422,0.219206,0.331474,0.169824,0,-0,0,0.0234401,0.79172,0.0739537,0,-0,0,0.216378,0.795544,0.172595,
 ,3.73955e-15,-1.41342e-17,89.9988,0.315447,-4.62101e-07,-4.47437e-07,-55.8246,62.9039,-133.011,-0.296804,-0.382791,-0.138962,0,-0,0,0,0,0,0,-0,0,0.245321,0.0101767,0.325444,-1.64199,-0.13294,-0.111146,0.0248576,0.329575,0.0512892,0.0260794,0.824574,-0.0262422,0.219206,0.331474,0.169824,0,-0,0,0.0234401,0.79172,0.0739537,0,-0,0,0.216378,0.795544,0.172595,
 ,3.73955e-15,-1.41342e-17,89.9988,0.315447,-4.62101e-07,-4.47437e-07,-55.8246,62.9039,-133.011,-0.296804,-0.382791,-0.138962,0,-0,0,0,0,0,0,-0,0,0.245321,0.0101767,0.325444,-1.64199,-0.13294,-0.111146,0.0248576,0.329575,0.0512892,0.0260794,0.824574,-0.0262422,0.219206,0.331474,0.169824,0,-0,0,0.0234401,0.79172,0.0739537,0,-0,0,0.216378,0.795544,0.172595,
 ,3.73955e-15,-1.41342e-17,89.9988,0.315447,-4.62101e-07,-4.47437e-07,-55.8246,62.9039,-133.011,-0.296804,-0.382791,-0.138962,0,-0,0,0,0,0,0,-0,0,0.245321,0.0101767,0.325444,-1.64199,-0.13294,-0.111146,0.0248576,0.329575,0.0512892,0.0260794,0.824574,-0.0262422,0.219206,0.331474,0.169824,0,-0,0,0.0234401,0.79172,0.0739537,0,-0,0,0.216378,0.795544,0.172595,
